"hero_id","hero.data.name","hero.data.roadsort","hero.data.smallmap","hero.data.sortid","relation.assist.target_hero_id","relation.strong.target_hero_id","relation.weak.target_hero_id","_createdAt","_id","_updatedAt","data","sourceId","extraction_date"
"130","Obsidia","[{'_id': '668541a2aa8e7f6ec4703d86', 'caption': '金币路', 'configId': 144237, 'createdAt': 1720009122589, 'createdUser': 'nickjin', 'data': {'_object': 2732073, 'road_sort_icon': 'https://akmweb.youngjoygame.com/web/gms/image/91f817c656908a83c2e24eecb3b70986.svg', 'road_sort_id': '5', 'road_sort_title': 'Gold Lane'}, 'dynamic': None, 'id': 2732079, 'linkId': [2732073], 'sort': 0, 'updatedAt': 1723022953428, 'updatedUser': 'nickjin'}, '']","https://akmweb.youngjoygame.com/web/svnres/img/mlbb/homepage_2_1_18/100_92bcc9ad2c4c8165a888d34f086a4d28.png","[{'_id': '6698c04f613093b976b4a978', 'caption': '5射手', 'configId': 144237, 'createdAt': 1721286735503, 'createdUser': 'nickjin', 'data': {'_object': 2740651, 'sort_icon': 'https://akmweb.youngjoygame.com/web/gms/image/025c69a764924f4bac526a2662f1a0b9.png', 'sort_id': '5', 'sort_title': 'Marksman'}, 'dynamic': None, 'id': 2740665, 'linkId': [2740651], 'sort': 0, 'updatedAt': 1723023126452, 'updatedUser': 'nickjin'}, '']","[55, 34]","[21, 22, 47]","[12, 18]","1758200708021","68cc038566ceee72419f7815","1763042701290","{""bigrank"": ""8"", ""camp_type"": ""1"", ""main_heroid"": 130, ""match_type"": ""1"", ""win_rate"": [{""app_rate"": 0.010271, ""ban_rate"": 0.188627, ""date"": ""2025-11-12"", ""win_rate"": 0.525876}, {""app_rate"": 0.010225, ""ban_rate"": 0.189083, ""date"": ""2025-11-11"", ""win_rate"": 0.525159}, {""app_rate"": 0.010186, ""ban_rate"": 0.191708, ""date"": ""2025-11-10"", ""win_rate"": 0.525017}, {""app_rate"": 0.010205, ""ban_rate"": 0.194404, ""date"": ""2025-11-09"", ""win_rate"": 0.525433}, {""app_rate"": 0.010274, ""ban_rate"": 0.196252, ""date"": ""2025-11-08"", ""win_rate"": 0.525198}, {""app_rate"": 0.010341, ""ban_rate"": 0.197585, ""date"": ""2025-11-07"", ""win_rate"": 0.525006}, {""app_rate"": 0.010494, ""ban_rate"": 0.198738, ""date"": ""2025-11-06"", ""win_rate"": 0.524961}]}","2674709","2025-11-13"
"129","Zetian","[{'_id': '66854225aa8e7f6ec4703d93', 'caption': '中路', 'configId': 144237, 'createdAt': 1720009253985, 'createdUser': 'nickjin', 'data': {'_object': 2732073, 'road_sort_icon': 'https://akmweb.youngjoygame.com/web/gms/image/facab1eacb218d767b5acb80304bfafd.svg', 'road_sort_id': '2', 'road_sort_title': 'Mid Lane'}, 'dynamic': None, 'id': 2732084, 'linkId': [2732073], 'sort': 0, 'updatedAt': 1723022943932, 'updatedUser': 'nickjin'}, '']","https://akmweb.youngjoygame.com/web/svnres/img/mlbb/homepage_1_9_90/100_22dc8b16ea98a735027c3141b74ef841.png","[{'_id': '6698c015613093b976b4a974', 'caption': '4法师', 'configId': 144237, 'createdAt': 1721286677393, 'createdUser': 'nickjin', 'data': {'_object': 2740651, 'sort_icon': 'https://akmweb.youngjoygame.com/web/gms/image/1c6985dd0caec2028ccb6d1b8ca95e0f.png', 'sort_id': '4', 'sort_title': 'mage'}, 'dynamic': None, 'id': 2740663, 'linkId': [2740651], 'sort': 0, 'updatedAt': 1723023128824, 'updatedUser': 'nickjin'}, '']","[112, 14]","[2, 16]","[110]","1750337099746","6854064cec18fd09131d72db","1763042701290","{""bigrank"": ""8"", ""camp_type"": ""1"", ""main_heroid"": 129, ""match_type"": ""1"", ""win_rate"": [{""app_rate"": 0.009041, ""ban_rate"": 0.047784, ""date"": ""2025-11-12"", ""win_rate"": 0.498919}, {""app_rate"": 0.009008, ""ban_rate"": 0.047649, ""date"": ""2025-11-11"", ""win_rate"": 0.498168}, {""app_rate"": 0.008996, ""ban_rate"": 0.048428, ""date"": ""2025-11-10"", ""win_rate"": 0.497992}, {""app_rate"": 0.008975, ""ban_rate"": 0.048571, ""date"": ""2025-11-09"", ""win_rate"": 0.497888}, {""app_rate"": 0.009027, ""ban_rate"": 0.048105, ""date"": ""2025-11-08"", ""win_rate"": 0.497413}, {""app_rate"": 0.009041, ""ban_rate"": 0.047505, ""date"": ""2025-11-07"", ""win_rate"": 0.497508}, {""app_rate"": 0.009076, ""ban_rate"": 0.047003, ""date"": ""2025-11-06"", ""win_rate"": 0.496944}]}","2674709","2025-11-13"
"128","Kalea","[{'_id': '66854202aa8e7f6ec4703d8f', 'caption': '辅助', 'configId': 144237, 'createdAt': 1720009218480, 'createdUser': 'nickjin', 'data': {'_object': 2732073, 'road_sort_icon': 'https://akmweb.youngjoygame.com/web/gms/image/a3dbb075b4d8186c29f02f7d47da236a.svg', 'road_sort_id': '3', 'road_sort_title': 'Roam'}, 'dynamic': None, 'id': 2732083, 'linkId': [2732073], 'sort': 0, 'updatedAt': 1723022949109, 'updatedUser': 'nickjin'}, '']","https://akmweb.youngjoygame.com/web/svnres/img/mlbb/homepage_1_9_64/100_9c5f2904026ba88b7aba8c9b2722f4ad.png","[{'_id': '6698c06a613093b976b4a97c', 'caption': '6辅助', 'configId': 144237, 'createdAt': 1721286762785, 'createdUser': 'nickjin', 'data': {'_object': 2740651, 'sort_icon': 'https://akmweb.youngjoygame.com/web/gms/image/1e4609b25a4cd63ee5a13015d4058159.png', 'sort_id': '6', 'sort_title': 'support'}, 'dynamic': None, 'id': 2740666, 'linkId': [2740651], 'sort': 0, 'updatedAt': 1723023113317, 'updatedUser': 'nickjin'}, {'_id': '6698bfe8613093b976b4a96c', 'caption': '2战士', 'configId': 144237, 'createdAt': 1721286632237, 'createdUser': 'nickjin', 'data': {'_object': 2740651, 'sort_icon': 'https://akmweb.youngjoygame.com/web/gms/image/629e282165d4b63deceaf350426ea440.png', 'sort_id': '2', 'sort_title': 'fighter'}, 'dynamic': None, 'id': 2740659, 'linkId': [2740651], 'sort': 0, 'updatedAt': 1723023133206, 'updatedUser': 'nickjin'}]","[15, 42, 13]","[18, 61]","[48, 19]","1742473500049","67dc091ebc060718d7756149","1763042701290","{""bigrank"": ""8"", ""camp_type"": ""1"", ""main_heroid"": 128, ""match_type"": ""1"", ""win_rate"": [{""app_rate"": 0.004094, ""ban_rate"": 0.065773, ""date"": ""2025-11-12"", ""win_rate"": 0.475729}, {""app_rate"": 0.004144, ""ban_rate"": 0.066092, ""date"": ""2025-11-11"", ""win_rate"": 0.474204}, {""app_rate"": 0.004171, ""ban_rate"": 0.06691, ""date"": ""2025-11-10"", ""win_rate"": 0.474293}, {""app_rate"": 0.004197, ""ban_rate"": 0.067343, ""date"": ""2025-11-09"", ""win_rate"": 0.473834}, {""app_rate"": 0.004315, ""ban_rate"": 0.068035, ""date"": ""2025-11-08"", ""win_rate"": 0.474607}, {""app_rate"": 0.004402, ""ban_rate"": 0.068385, ""date"": ""2025-11-07"", ""win_rate"": 0.475065}, {""app_rate"": 0.004469, ""ban_rate"": 0.068351, ""date"": ""2025-11-06"", ""win_rate"": 0.475643}]}","2674709","2025-11-13"
"127","Lukas","[{'_id': '6685424caa8e7f6ec4703d97', 'caption': '经验路', 'configId': 144237, 'createdAt': 1720009292257, 'createdUser': 'nickjin', 'data': {'_object': 2732073, 'road_sort_icon': 'https://akmweb.youngjoygame.com/web/gms/image/6a246099f7eb83a8856306d8b4c84fc2.svg', 'road_sort_id': '1', 'road_sort_title': 'Exp Lane'}, 'dynamic': None, 'id': 2732085, 'linkId': [2732073], 'sort': 0, 'updatedAt': 1723022932111, 'updatedUser': 'nickjin'}, {'_id': '668541caaa8e7f6ec4703d8a', 'caption': '打野', 'configId': 144237, 'createdAt': 1720009162509, 'createdUser': 'nickjin', 'data': {'_object': 2732073, 'road_sort_icon': 'https://akmweb.youngjoygame.com/web/gms/image/de611167c7310681135f0b4198137bfa.svg', 'road_sort_id': '4', 'road_sort_title': 'Jungle'}, 'dynamic': None, 'id': 2732080, 'linkId': [2732073], 'sort': 0, 'updatedAt': 1723022951463, 'updatedUser': 'nickjin'}]","https://akmweb.youngjoygame.com/web/svnres/img/mlbb/homepage_1_9_20/100_454c13b2de7b7d1a20fbf553c620510d.png","[{'_id': '6698bfe8613093b976b4a96c', 'caption': '2战士', 'configId': 144237, 'createdAt': 1721286632237, 'createdUser': 'nickjin', 'data': {'_object': 2740651, 'sort_icon': 'https://akmweb.youngjoygame.com/web/gms/image/629e282165d4b63deceaf350426ea440.png', 'sort_id': '2', 'sort_title': 'fighter'}, 'dynamic': None, 'id': 2740659, 'linkId': [2740651], 'sort': 0, 'updatedAt': 1723023133206, 'updatedUser': 'nickjin'}, '']","[93, 6, 41]","[60, 121]","[17, 57, 116]","1734870913455","67680781dcc347d19052d927","1763042701290","{""bigrank"": ""8"", ""camp_type"": ""1"", ""main_heroid"": 127, ""match_type"": ""1"", ""win_rate"": [{""app_rate"": 0.002533, ""ban_rate"": 0.006548, ""date"": ""2025-11-12"", ""win_rate"": 0.479852}, {""app_rate"": 0.002496, ""ban_rate"": 0.006515, ""date"": ""2025-11-11"", ""win_rate"": 0.479779}, {""app_rate"": 0.00246, ""ban_rate"": 0.006586, ""date"": ""2025-11-10"", ""win_rate"": 0.479572}, {""app_rate"": 0.002448, ""ban_rate"": 0.00665, ""date"": ""2025-11-09"", ""win_rate"": 0.479752}, {""app_rate"": 0.002473, ""ban_rate"": 0.006631, ""date"": ""2025-11-08"", ""win_rate"": 0.479883}, {""app_rate"": 0.002432, ""ban_rate"": 0.006483, ""date"": ""2025-11-07"", ""win_rate"": 0.48036}, {""app_rate"": 0.002404, ""ban_rate"": 0.006349, ""date"": ""2025-11-06"", ""win_rate"": 0.480374}]}","2674709","2025-11-13"
"126","Suyou","[{'_id': '668541caaa8e7f6ec4703d8a', 'caption': '打野', 'configId': 144237, 'createdAt': 1720009162509, 'createdUser': 'nickjin', 'data': {'_object': 2732073, 'road_sort_icon': 'https://akmweb.youngjoygame.com/web/gms/image/de611167c7310681135f0b4198137bfa.svg', 'road_sort_id': '4', 'road_sort_title': 'Jungle'}, 'dynamic': None, 'id': 2732080, 'linkId': [2732073], 'sort': 0, 'updatedAt': 1723022951463, 'updatedUser': 'nickjin'}, '']","https://akmweb.youngjoygame.com/web/svnres/img/mlbb/homepage_1_9_20/100_422ffc7849e8bb01629d2423054ed410.png","[{'_id': '6698bffd613093b976b4a970', 'caption': '3刺客', 'configId': 144237, 'createdAt': 1721286653803, 'createdUser': 'nickjin', 'data': {'_object': 2740651, 'sort_icon': 'https://akmweb.youngjoygame.com/web/gms/image/d0b8b65a47fc43dc7bb2bac447072fd2.png', 'sort_id': '3', 'sort_title': 'assassin'}, 'dynamic': None, 'id': 2740661, 'linkId': [2740651], 'sort': 0, 'updatedAt': 1723023131050, 'updatedUser': 'nickjin'}, {'_id': '6698bfe8613093b976b4a96c', 'caption': '2战士', 'configId': 144237, 'createdAt': 1721286632237, 'createdUser': 'nickjin', 'data': {'_object': 2740651, 'sort_icon': 'https://akmweb.youngjoygame.com/web/gms/image/629e282165d4b63deceaf350426ea440.png', 'sort_id': '2', 'sort_title': 'fighter'}, 'dynamic': None, 'id': 2740659, 'linkId': [2740651], 'sort': 0, 'updatedAt': 1723023133206, 'updatedUser': 'nickjin'}]","[14, 6]","[121, 115]","[114, 77]","1727026497115","66f05541b78c330538506b6d","1763042701290","{""bigrank"": ""8"", ""camp_type"": ""1"", ""main_heroid"": 126, ""match_type"": ""1"", ""win_rate"": [{""app_rate"": 0.002201, ""ban_rate"": 0.001801, ""date"": ""2025-11-12"", ""win_rate"": 0.464648}, {""app_rate"": 0.002197, ""ban_rate"": 0.001789, ""date"": ""2025-11-11"", ""win_rate"": 0.464091}, {""app_rate"": 0.002155, ""ban_rate"": 0.001794, ""date"": ""2025-11-10"", ""win_rate"": 0.464988}, {""app_rate"": 0.00209, ""ban_rate"": 0.001776, ""date"": ""2025-11-09"", ""win_rate"": 0.466516}, {""app_rate"": 0.002051, ""ban_rate"": 0.001748, ""date"": ""2025-11-08"", ""win_rate"": 0.467798}, {""app_rate"": 0.002017, ""ban_rate"": 0.001726, ""date"": ""2025-11-07"", ""win_rate"": 0.468103}, {""app_rate"": 0.002012, ""ban_rate"": 0.001705, ""date"": ""2025-11-06"", ""win_rate"": 0.468466}]}","2674709","2025-11-13"
"125","Zhuxin","[{'_id': '66854225aa8e7f6ec4703d93', 'caption': '中路', 'configId': 144237, 'createdAt': 1720009253985, 'createdUser': 'nickjin', 'data': {'_object': 2732073, 'road_sort_icon': 'https://akmweb.youngjoygame.com/web/gms/image/facab1eacb218d767b5acb80304bfafd.svg', 'road_sort_id': '2', 'road_sort_title': 'Mid Lane'}, 'dynamic': None, 'id': 2732084, 'linkId': [2732073], 'sort': 0, 'updatedAt': 1723022943932, 'updatedUser': 'nickjin'}, '']","https://akmweb.youngjoygame.com/web/svnres/img/mlbb/homepage_92/100_13cfeec4bec7a27a09677e519f1ef9d2.png","[{'_id': '6698c015613093b976b4a974', 'caption': '4法师', 'configId': 144237, 'createdAt': 1721286677393, 'createdUser': 'nickjin', 'data': {'_object': 2740651, 'sort_icon': 'https://akmweb.youngjoygame.com/web/gms/image/1c6985dd0caec2028ccb6d1b8ca95e0f.png', 'sort_id': '4', 'sort_title': 'mage'}, 'dynamic': None, 'id': 2740663, 'linkId': [2740651], 'sort': 0, 'updatedAt': 1723023128824, 'updatedUser': 'nickjin'}, '']","[123, 71, 70]","[33, 94]","[3, 17]","1719756297141","6681660aa09589cedef93408","1763042701290","{""bigrank"": ""8"", ""camp_type"": ""1"", ""main_heroid"": 125, ""match_type"": ""1"", ""win_rate"": [{""app_rate"": 0.004336, ""ban_rate"": 0.029955, ""date"": ""2025-11-12"", ""win_rate"": 0.495155}, {""app_rate"": 0.00448, ""ban_rate"": 0.030238, ""date"": ""2025-11-11"", ""win_rate"": 0.494707}, {""app_rate"": 0.004631, ""ban_rate"": 0.030241, ""date"": ""2025-11-10"", ""win_rate"": 0.494276}, {""app_rate"": 0.004818, ""ban_rate"": 0.030157, ""date"": ""2025-11-09"", ""win_rate"": 0.493798}, {""app_rate"": 0.00468, ""ban_rate"": 0.029789, ""date"": ""2025-11-08"", ""win_rate"": 0.494465}, {""app_rate"": 0.004611, ""ban_rate"": 0.029545, ""date"": ""2025-11-07"", ""win_rate"": 0.494472}, {""app_rate"": 0.004561, ""ban_rate"": 0.029293, ""date"": ""2025-11-06"", ""win_rate"": 0.494883}]}","2674709","2025-11-13"
"124","Chip","[{'_id': '66854202aa8e7f6ec4703d8f', 'caption': '辅助', 'configId': 144237, 'createdAt': 1720009218480, 'createdUser': 'nickjin', 'data': {'_object': 2732073, 'road_sort_icon': 'https://akmweb.youngjoygame.com/web/gms/image/a3dbb075b4d8186c29f02f7d47da236a.svg', 'road_sort_id': '3', 'road_sort_title': 'Roam'}, 'dynamic': None, 'id': 2732083, 'linkId': [2732073], 'sort': 0, 'updatedAt': 1723022949109, 'updatedUser': 'nickjin'}, '']","https://akmweb.youngjoygame.com/web/svnres/img/mlbb/homepage/100_85e15c66733cab7d8d73f7f725f31f1e.png","[{'_id': '6698c06a613093b976b4a97c', 'caption': '6辅助', 'configId': 144237, 'createdAt': 1721286762785, 'createdUser': 'nickjin', 'data': {'_object': 2740651, 'sort_icon': 'https://akmweb.youngjoygame.com/web/gms/image/1e4609b25a4cd63ee5a13015d4058159.png', 'sort_id': '6', 'sort_title': 'support'}, 'dynamic': None, 'id': 2740666, 'linkId': [2740651], 'sort': 0, 'updatedAt': 1723023113317, 'updatedUser': 'nickjin'}, {'_id': '6698bfbc613093b976b4a949', 'caption': '1坦克', 'configId': 144237, 'createdAt': 1721286588147, 'createdUser': 'nickjin', 'data': {'_object': 2740651, 'sort_icon': 'https://akmweb.youngjoygame.com/web/gms/image/60638c59536d9505c9c731af13f7fdfd.png', 'sort_id': '1', 'sort_title': 'tank'}, 'dynamic': None, 'id': 2740657, 'linkId': [2740651], 'sort': 0, 'updatedAt': 1723023135175, 'updatedUser': 'nickjin'}]","[28, 60, 75]","[38, 18, 121]","[99, 6]","1713515848286","66222d49554108f06353198c","1763042701290","{""bigrank"": ""8"", ""camp_type"": ""1"", ""main_heroid"": 124, ""match_type"": ""1"", ""win_rate"": [{""app_rate"": 0.000668, ""ban_rate"": 0.026784, ""date"": ""2025-11-12"", ""win_rate"": 0.451739}, {""app_rate"": 0.000667, ""ban_rate"": 0.02671, ""date"": ""2025-11-11"", ""win_rate"": 0.453198}, {""app_rate"": 0.000681, ""ban_rate"": 0.027386, ""date"": ""2025-11-10"", ""win_rate"": 0.453882}, {""app_rate"": 0.000688, ""ban_rate"": 0.027669, ""date"": ""2025-11-09"", ""win_rate"": 0.456384}, {""app_rate"": 0.000703, ""ban_rate"": 0.027633, ""date"": ""2025-11-08"", ""win_rate"": 0.457388}, {""app_rate"": 0.00071, ""ban_rate"": 0.027449, ""date"": ""2025-11-07"", ""win_rate"": 0.45684}, {""app_rate"": 0.000715, ""ban_rate"": 0.027241, ""date"": ""2025-11-06"", ""win_rate"": 0.457007}]}","2674709","2025-11-13"
"123","Cici","[{'_id': '6685424caa8e7f6ec4703d97', 'caption': '经验路', 'configId': 144237, 'createdAt': 1720009292257, 'createdUser': 'nickjin', 'data': {'_object': 2732073, 'road_sort_icon': 'https://akmweb.youngjoygame.com/web/gms/image/6a246099f7eb83a8856306d8b4c84fc2.svg', 'road_sort_id': '1', 'road_sort_title': 'Exp Lane'}, 'dynamic': None, 'id': 2732085, 'linkId': [2732073], 'sort': 0, 'updatedAt': 1723022932111, 'updatedUser': 'nickjin'}, '']","https://akmweb.youngjoygame.com/web/svnres/img/mlbb/homepage/100_4f970eb4b44b8c9fff2c511d8e856ff4.png","[{'_id': '6698bfe8613093b976b4a96c', 'caption': '2战士', 'configId': 144237, 'createdAt': 1721286632237, 'createdUser': 'nickjin', 'data': {'_object': 2740651, 'sort_icon': 'https://akmweb.youngjoygame.com/web/gms/image/629e282165d4b63deceaf350426ea440.png', 'sort_id': '2', 'sort_title': 'fighter'}, 'dynamic': None, 'id': 2740659, 'linkId': [2740651], 'sort': 0, 'updatedAt': 1723023133206, 'updatedUser': 'nickjin'}, '']","[55, 112, 0]","[117, 19, 0]","[3, 62]","1713515848286","66222d48554108f0635303f5","1763042701290","{""bigrank"": ""8"", ""camp_type"": ""1"", ""main_heroid"": 123, ""match_type"": ""1"", ""win_rate"": [{""app_rate"": 0.016338, ""ban_rate"": 0.500964, ""date"": ""2025-11-12"", ""win_rate"": 0.537381}, {""app_rate"": 0.016515, ""ban_rate"": 0.499933, ""date"": ""2025-11-11"", ""win_rate"": 0.537716}, {""app_rate"": 0.016589, ""ban_rate"": 0.493349, ""date"": ""2025-11-10"", ""win_rate"": 0.538029}, {""app_rate"": 0.016672, ""ban_rate"": 0.488072, ""date"": ""2025-11-09"", ""win_rate"": 0.538045}, {""app_rate"": 0.016549, ""ban_rate"": 0.4869, ""date"": ""2025-11-08"", ""win_rate"": 0.53791}, {""app_rate"": 0.016535, ""ban_rate"": 0.486649, ""date"": ""2025-11-07"", ""win_rate"": 0.538129}, {""app_rate"": 0.016602, ""ban_rate"": 0.486355, ""date"": ""2025-11-06"", ""win_rate"": 0.538105}]}","2674709","2025-11-13"
"122","Nolan","[{'_id': '668541caaa8e7f6ec4703d8a', 'caption': '打野', 'configId': 144237, 'createdAt': 1720009162509, 'createdUser': 'nickjin', 'data': {'_object': 2732073, 'road_sort_icon': 'https://akmweb.youngjoygame.com/web/gms/image/de611167c7310681135f0b4198137bfa.svg', 'road_sort_id': '4', 'road_sort_title': 'Jungle'}, 'dynamic': None, 'id': 2732080, 'linkId': [2732073], 'sort': 0, 'updatedAt': 1723022951463, 'updatedUser': 'nickjin'}, '']","https://akmweb.youngjoygame.com/web/svnres/img/mlbb/homepage/100_0495066df0d828c149e7fe89aa63078b.png","[{'_id': '6698bffd613093b976b4a970', 'caption': '3刺客', 'configId': 144237, 'createdAt': 1721286653803, 'createdUser': 'nickjin', 'data': {'_object': 2740651, 'sort_icon': 'https://akmweb.youngjoygame.com/web/gms/image/d0b8b65a47fc43dc7bb2bac447072fd2.png', 'sort_id': '3', 'sort_title': 'assassin'}, 'dynamic': None, 'id': 2740661, 'linkId': [2740651], 'sort': 0, 'updatedAt': 1723023131050, 'updatedUser': 'nickjin'}, '']","[6, 41, 0]","[60, 15, 0]","[72, 117]","1713515848286","66222d48554108f063530399","1763042701290","{""bigrank"": ""8"", ""camp_type"": ""1"", ""main_heroid"": 122, ""match_type"": ""1"", ""win_rate"": [{""app_rate"": 0.003626, ""ban_rate"": 0.004939, ""date"": ""2025-11-12"", ""win_rate"": 0.475113}, {""app_rate"": 0.003703, ""ban_rate"": 0.005016, ""date"": ""2025-11-11"", ""win_rate"": 0.475068}, {""app_rate"": 0.00376, ""ban_rate"": 0.005113, ""date"": ""2025-11-10"", ""win_rate"": 0.476033}, {""app_rate"": 0.003892, ""ban_rate"": 0.005286, ""date"": ""2025-11-09"", ""win_rate"": 0.476088}, {""app_rate"": 0.004362, ""ban_rate"": 0.005559, ""date"": ""2025-11-08"", ""win_rate"": 0.476669}, {""app_rate"": 0.00502, ""ban_rate"": 0.00555, ""date"": ""2025-11-07"", ""win_rate"": 0.476439}, {""app_rate"": 0.004637, ""ban_rate"": 0.005093, ""date"": ""2025-11-06"", ""win_rate"": 0.477293}]}","2674709","2025-11-13"
"121","Ixia","[{'_id': '668541a2aa8e7f6ec4703d86', 'caption': '金币路', 'configId': 144237, 'createdAt': 1720009122589, 'createdUser': 'nickjin', 'data': {'_object': 2732073, 'road_sort_icon': 'https://akmweb.youngjoygame.com/web/gms/image/91f817c656908a83c2e24eecb3b70986.svg', 'road_sort_id': '5', 'road_sort_title': 'Gold Lane'}, 'dynamic': None, 'id': 2732079, 'linkId': [2732073], 'sort': 0, 'updatedAt': 1723022953428, 'updatedUser': 'nickjin'}, '']","https://akmweb.youngjoygame.com/web/svnres/img/mlbb/homepage/100_c5f758bd1141327d36f2c77928268ab7.png","[{'_id': '6698c04f613093b976b4a978', 'caption': '5射手', 'configId': 144237, 'createdAt': 1721286735503, 'createdUser': 'nickjin', 'data': {'_object': 2740651, 'sort_icon': 'https://akmweb.youngjoygame.com/web/gms/image/025c69a764924f4bac526a2662f1a0b9.png', 'sort_id': '5', 'sort_title': 'Marksman'}, 'dynamic': None, 'id': 2740665, 'linkId': [2740651], 'sort': 0, 'updatedAt': 1723023126452, 'updatedUser': 'nickjin'}, '']","[117, 11, 0]","[117, 11, 0]","[3, 109]","1713515848286","66222d49554108f06353190d","1763042701290","{""bigrank"": ""8"", ""camp_type"": ""1"", ""main_heroid"": 121, ""match_type"": ""1"", ""win_rate"": [{""app_rate"": 0.012784, ""ban_rate"": 0.032588, ""date"": ""2025-11-12"", ""win_rate"": 0.546803}, {""app_rate"": 0.012606, ""ban_rate"": 0.031693, ""date"": ""2025-11-11"", ""win_rate"": 0.546697}, {""app_rate"": 0.012497, ""ban_rate"": 0.031611, ""date"": ""2025-11-10"", ""win_rate"": 0.546867}, {""app_rate"": 0.01239, ""ban_rate"": 0.031084, ""date"": ""2025-11-09"", ""win_rate"": 0.547119}, {""app_rate"": 0.012393, ""ban_rate"": 0.030409, ""date"": ""2025-11-08"", ""win_rate"": 0.546973}, {""app_rate"": 0.01234, ""ban_rate"": 0.029567, ""date"": ""2025-11-07"", ""win_rate"": 0.547155}, {""app_rate"": 0.012286, ""ban_rate"": 0.028629, ""date"": ""2025-11-06"", ""win_rate"": 0.546794}]}","2674709","2025-11-13"
"120","Arlott","[{'_id': '6685424caa8e7f6ec4703d97', 'caption': '经验路', 'configId': 144237, 'createdAt': 1720009292257, 'createdUser': 'nickjin', 'data': {'_object': 2732073, 'road_sort_icon': 'https://akmweb.youngjoygame.com/web/gms/image/6a246099f7eb83a8856306d8b4c84fc2.svg', 'road_sort_id': '1', 'road_sort_title': 'Exp Lane'}, 'dynamic': None, 'id': 2732085, 'linkId': [2732073], 'sort': 0, 'updatedAt': 1723022932111, 'updatedUser': 'nickjin'}, '']","https://akmweb.youngjoygame.com/web/svnres/img/mlbb/homepage/100_01450fec4397f8780ce0d11ab652c73d.png","[{'_id': '6698bfe8613093b976b4a96c', 'caption': '2战士', 'configId': 144237, 'createdAt': 1721286632237, 'createdUser': 'nickjin', 'data': {'_object': 2740651, 'sort_icon': 'https://akmweb.youngjoygame.com/web/gms/image/629e282165d4b63deceaf350426ea440.png', 'sort_id': '2', 'sort_title': 'fighter'}, 'dynamic': None, 'id': 2740659, 'linkId': [2740651], 'sort': 0, 'updatedAt': 1723023133206, 'updatedUser': 'nickjin'}, {'_id': '6698bffd613093b976b4a970', 'caption': '3刺客', 'configId': 144237, 'createdAt': 1721286653803, 'createdUser': 'nickjin', 'data': {'_object': 2740651, 'sort_icon': 'https://akmweb.youngjoygame.com/web/gms/image/d0b8b65a47fc43dc7bb2bac447072fd2.png', 'sort_id': '3', 'sort_title': 'assassin'}, 'dynamic': None, 'id': 2740661, 'linkId': [2740651], 'sort': 0, 'updatedAt': 1723023131050, 'updatedUser': 'nickjin'}]","[41, 93, 0]","[27, 16, 0]","[72, 117]","1713515848286","66222d48554108f063530674","1763042701290","{""bigrank"": ""8"", ""camp_type"": ""1"", ""main_heroid"": 120, ""match_type"": ""1"", ""win_rate"": [{""app_rate"": 0.009849, ""ban_rate"": 0.210887, ""date"": ""2025-11-12"", ""win_rate"": 0.464037}, {""app_rate"": 0.009837, ""ban_rate"": 0.214603, ""date"": ""2025-11-11"", ""win_rate"": 0.464324}, {""app_rate"": 0.009789, ""ban_rate"": 0.218394, ""date"": ""2025-11-10"", ""win_rate"": 0.463928}, {""app_rate"": 0.009769, ""ban_rate"": 0.222084, ""date"": ""2025-11-09"", ""win_rate"": 0.464249}, {""app_rate"": 0.009951, ""ban_rate"": 0.225932, ""date"": ""2025-11-08"", ""win_rate"": 0.464416}, {""app_rate"": 0.01011, ""ban_rate"": 0.229627, ""date"": ""2025-11-07"", ""win_rate"": 0.464387}, {""app_rate"": 0.010236, ""ban_rate"": 0.233244, ""date"": ""2025-11-06"", ""win_rate"": 0.464856}]}","2674709","2025-11-13"
"119","Novaria","[{'_id': '66854225aa8e7f6ec4703d93', 'caption': '中路', 'configId': 144237, 'createdAt': 1720009253985, 'createdUser': 'nickjin', 'data': {'_object': 2732073, 'road_sort_icon': 'https://akmweb.youngjoygame.com/web/gms/image/facab1eacb218d767b5acb80304bfafd.svg', 'road_sort_id': '2', 'road_sort_title': 'Mid Lane'}, 'dynamic': None, 'id': 2732084, 'linkId': [2732073], 'sort': 0, 'updatedAt': 1723022943932, 'updatedUser': 'nickjin'}, '']","https://akmweb.youngjoygame.com/web/svnres/img/mlbb/homepage/100_12c811236741ae8e3fbdaa2d884b30a2.png","[{'_id': '6698c015613093b976b4a974', 'caption': '4法师', 'configId': 144237, 'createdAt': 1721286677393, 'createdUser': 'nickjin', 'data': {'_object': 2740651, 'sort_icon': 'https://akmweb.youngjoygame.com/web/gms/image/1c6985dd0caec2028ccb6d1b8ca95e0f.png', 'sort_id': '4', 'sort_title': 'mage'}, 'dynamic': None, 'id': 2740663, 'linkId': [2740651], 'sort': 0, 'updatedAt': 1723023128824, 'updatedUser': 'nickjin'}, '']","[105, 18, 0]","[15, 46, 0]","[3, 21]","1713515848286","66222d48554108f0635304c2","1763042701290","{""bigrank"": ""8"", ""camp_type"": ""1"", ""main_heroid"": 119, ""match_type"": ""1"", ""win_rate"": [{""app_rate"": 0.004468, ""ban_rate"": 0.002118, ""date"": ""2025-11-12"", ""win_rate"": 0.476299}, {""app_rate"": 0.004467, ""ban_rate"": 0.002109, ""date"": ""2025-11-11"", ""win_rate"": 0.474876}, {""app_rate"": 0.004426, ""ban_rate"": 0.002116, ""date"": ""2025-11-10"", ""win_rate"": 0.473628}, {""app_rate"": 0.004383, ""ban_rate"": 0.002114, ""date"": ""2025-11-09"", ""win_rate"": 0.473963}, {""app_rate"": 0.004391, ""ban_rate"": 0.002102, ""date"": ""2025-11-08"", ""win_rate"": 0.4731}, {""app_rate"": 0.004393, ""ban_rate"": 0.002089, ""date"": ""2025-11-07"", ""win_rate"": 0.472911}, {""app_rate"": 0.004394, ""ban_rate"": 0.002061, ""date"": ""2025-11-06"", ""win_rate"": 0.472823}]}","2674709","2025-11-13"
"118","Joy","[{'_id': '668541caaa8e7f6ec4703d8a', 'caption': '打野', 'configId': 144237, 'createdAt': 1720009162509, 'createdUser': 'nickjin', 'data': {'_object': 2732073, 'road_sort_icon': 'https://akmweb.youngjoygame.com/web/gms/image/de611167c7310681135f0b4198137bfa.svg', 'road_sort_id': '4', 'road_sort_title': 'Jungle'}, 'dynamic': None, 'id': 2732080, 'linkId': [2732073], 'sort': 0, 'updatedAt': 1723022951463, 'updatedUser': 'nickjin'}, '']","https://akmweb.youngjoygame.com/web/svnres/img/mlbb/homepage/100_6b5570b0e557e36501b4228fcdfcf164.png","[{'_id': '6698bffd613093b976b4a970', 'caption': '3刺客', 'configId': 144237, 'createdAt': 1721286653803, 'createdUser': 'nickjin', 'data': {'_object': 2740651, 'sort_icon': 'https://akmweb.youngjoygame.com/web/gms/image/d0b8b65a47fc43dc7bb2bac447072fd2.png', 'sort_id': '3', 'sort_title': 'assassin'}, 'dynamic': None, 'id': 2740661, 'linkId': [2740651], 'sort': 0, 'updatedAt': 1723023131050, 'updatedUser': 'nickjin'}, '']","[55, 49, 0]","[115, 38, 0]","[74, 78]","1713515848286","66222d49554108f0635318e1","1763042701290","{""bigrank"": ""8"", ""camp_type"": ""1"", ""main_heroid"": 118, ""match_type"": ""1"", ""win_rate"": [{""app_rate"": 0.005188, ""ban_rate"": 0.052418, ""date"": ""2025-11-12"", ""win_rate"": 0.471483}, {""app_rate"": 0.005245, ""ban_rate"": 0.052717, ""date"": ""2025-11-11"", ""win_rate"": 0.471967}, {""app_rate"": 0.005297, ""ban_rate"": 0.053397, ""date"": ""2025-11-10"", ""win_rate"": 0.47202}, {""app_rate"": 0.005365, ""ban_rate"": 0.05428, ""date"": ""2025-11-09"", ""win_rate"": 0.473329}, {""app_rate"": 0.005425, ""ban_rate"": 0.054292, ""date"": ""2025-11-08"", ""win_rate"": 0.473839}, {""app_rate"": 0.00548, ""ban_rate"": 0.054235, ""date"": ""2025-11-07"", ""win_rate"": 0.474822}, {""app_rate"": 0.00555, ""ban_rate"": 0.054301, ""date"": ""2025-11-06"", ""win_rate"": 0.475436}]}","2674709","2025-11-13"
"117","Fredrinn","[{'_id': '668541caaa8e7f6ec4703d8a', 'caption': '打野', 'configId': 144237, 'createdAt': 1720009162509, 'createdUser': 'nickjin', 'data': {'_object': 2732073, 'road_sort_icon': 'https://akmweb.youngjoygame.com/web/gms/image/de611167c7310681135f0b4198137bfa.svg', 'road_sort_id': '4', 'road_sort_title': 'Jungle'}, 'dynamic': None, 'id': 2732080, 'linkId': [2732073], 'sort': 0, 'updatedAt': 1723022951463, 'updatedUser': 'nickjin'}, '']","https://akmweb.youngjoygame.com/web/svnres/img/mlbb/homepage/100_3f574825bd9192094f047a4abc6d5d05.png","[{'_id': '6698bfe8613093b976b4a96c', 'caption': '2战士', 'configId': 144237, 'createdAt': 1721286632237, 'createdUser': 'nickjin', 'data': {'_object': 2740651, 'sort_icon': 'https://akmweb.youngjoygame.com/web/gms/image/629e282165d4b63deceaf350426ea440.png', 'sort_id': '2', 'sort_title': 'fighter'}, 'dynamic': None, 'id': 2740659, 'linkId': [2740651], 'sort': 0, 'updatedAt': 1723023133206, 'updatedUser': 'nickjin'}, {'_id': '6698bfbc613093b976b4a949', 'caption': '1坦克', 'configId': 144237, 'createdAt': 1721286588147, 'createdUser': 'nickjin', 'data': {'_object': 2740651, 'sort_icon': 'https://akmweb.youngjoygame.com/web/gms/image/60638c59536d9505c9c731af13f7fdfd.png', 'sort_id': '1', 'sort_title': 'tank'}, 'dynamic': None, 'id': 2740657, 'linkId': [2740651], 'sort': 0, 'updatedAt': 1723023135175, 'updatedUser': 'nickjin'}]","[55, 112, 0]","[66, 15, 0]","[40, 53]","1713515848286","66222d48554108f0635303da","1763042701290","{""bigrank"": ""8"", ""camp_type"": ""1"", ""main_heroid"": 117, ""match_type"": ""1"", ""win_rate"": [{""app_rate"": 0.007775, ""ban_rate"": 0.083211, ""date"": ""2025-11-12"", ""win_rate"": 0.503547}, {""app_rate"": 0.007731, ""ban_rate"": 0.082585, ""date"": ""2025-11-11"", ""win_rate"": 0.505204}, {""app_rate"": 0.007725, ""ban_rate"": 0.083433, ""date"": ""2025-11-10"", ""win_rate"": 0.505641}, {""app_rate"": 0.007703, ""ban_rate"": 0.083296, ""date"": ""2025-11-09"", ""win_rate"": 0.506147}, {""app_rate"": 0.00778, ""ban_rate"": 0.083362, ""date"": ""2025-11-08"", ""win_rate"": 0.50707}, {""app_rate"": 0.007786, ""ban_rate"": 0.0829, ""date"": ""2025-11-07"", ""win_rate"": 0.507253}, {""app_rate"": 0.007772, ""ban_rate"": 0.081795, ""date"": ""2025-11-06"", ""win_rate"": 0.507211}]}","2674709","2025-11-13"
"116","Julian","[{'_id': '668541caaa8e7f6ec4703d8a', 'caption': '打野', 'configId': 144237, 'createdAt': 1720009162509, 'createdUser': 'nickjin', 'data': {'_object': 2732073, 'road_sort_icon': 'https://akmweb.youngjoygame.com/web/gms/image/de611167c7310681135f0b4198137bfa.svg', 'road_sort_id': '4', 'road_sort_title': 'Jungle'}, 'dynamic': None, 'id': 2732080, 'linkId': [2732073], 'sort': 0, 'updatedAt': 1723022951463, 'updatedUser': 'nickjin'}, '']","https://akmweb.youngjoygame.com/web/svnres/img/mlbb/homepage/100_44891c699fb1c00fc4a7fa59ea95b8b3.png","[{'_id': '6698bffd613093b976b4a970', 'caption': '3刺客', 'configId': 144237, 'createdAt': 1721286653803, 'createdUser': 'nickjin', 'data': {'_object': 2740651, 'sort_icon': 'https://akmweb.youngjoygame.com/web/gms/image/d0b8b65a47fc43dc7bb2bac447072fd2.png', 'sort_id': '3', 'sort_title': 'assassin'}, 'dynamic': None, 'id': 2740661, 'linkId': [2740651], 'sort': 0, 'updatedAt': 1723023131050, 'updatedUser': 'nickjin'}, {'_id': '6698bfe8613093b976b4a96c', 'caption': '2战士', 'configId': 144237, 'createdAt': 1721286632237, 'createdUser': 'nickjin', 'data': {'_object': 2740651, 'sort_icon': 'https://akmweb.youngjoygame.com/web/gms/image/629e282165d4b63deceaf350426ea440.png', 'sort_id': '2', 'sort_title': 'fighter'}, 'dynamic': None, 'id': 2740659, 'linkId': [2740651], 'sort': 0, 'updatedAt': 1723023133206, 'updatedUser': 'nickjin'}]","[55, 48, 0]","[91, 64, 0]","[118, 73]","1713515848286","66222d48554108f06353055d","1763042701290","{""bigrank"": ""8"", ""camp_type"": ""1"", ""main_heroid"": 116, ""match_type"": ""1"", ""win_rate"": [{""app_rate"": 0.008573, ""ban_rate"": 0.024504, ""date"": ""2025-11-12"", ""win_rate"": 0.509033}, {""app_rate"": 0.00849, ""ban_rate"": 0.024037, ""date"": ""2025-11-11"", ""win_rate"": 0.508593}, {""app_rate"": 0.008373, ""ban_rate"": 0.023377, ""date"": ""2025-11-10"", ""win_rate"": 0.508714}, {""app_rate"": 0.008282, ""ban_rate"": 0.023198, ""date"": ""2025-11-09"", ""win_rate"": 0.509031}, {""app_rate"": 0.008345, ""ban_rate"": 0.022815, ""date"": ""2025-11-08"", ""win_rate"": 0.509165}, {""app_rate"": 0.00835, ""ban_rate"": 0.022466, ""date"": ""2025-11-07"", ""win_rate"": 0.509784}, {""app_rate"": 0.008391, ""ban_rate"": 0.022303, ""date"": ""2025-11-06"", ""win_rate"": 0.510111}]}","2674709","2025-11-13"
"115","Xavier","[{'_id': '66854225aa8e7f6ec4703d93', 'caption': '中路', 'configId': 144237, 'createdAt': 1720009253985, 'createdUser': 'nickjin', 'data': {'_object': 2732073, 'road_sort_icon': 'https://akmweb.youngjoygame.com/web/gms/image/facab1eacb218d767b5acb80304bfafd.svg', 'road_sort_id': '2', 'road_sort_title': 'Mid Lane'}, 'dynamic': None, 'id': 2732084, 'linkId': [2732073], 'sort': 0, 'updatedAt': 1723022943932, 'updatedUser': 'nickjin'}, '']","https://akmweb.youngjoygame.com/web/svnres/img/mlbb/homepage_2_1_18_2/100_50a5b0dd98ed2378d9f618e5ef0d47b2.png","[{'_id': '6698c015613093b976b4a974', 'caption': '4法师', 'configId': 144237, 'createdAt': 1721286677393, 'createdUser': 'nickjin', 'data': {'_object': 2740651, 'sort_icon': 'https://akmweb.youngjoygame.com/web/gms/image/1c6985dd0caec2028ccb6d1b8ca95e0f.png', 'sort_id': '4', 'sort_title': 'mage'}, 'dynamic': None, 'id': 2740663, 'linkId': [2740651], 'sort': 0, 'updatedAt': 1723023128824, 'updatedUser': 'nickjin'}, '']","[92, 93, 0]","[60, 76, 0]","[97, 21, 24]","1713515848286","66222d48554108f063530471","1763042701290","{""bigrank"": ""8"", ""camp_type"": ""1"", ""main_heroid"": 115, ""match_type"": ""1"", ""win_rate"": [{""app_rate"": 0.011923, ""ban_rate"": 0.014471, ""date"": ""2025-11-12"", ""win_rate"": 0.511227}, {""app_rate"": 0.011934, ""ban_rate"": 0.014684, ""date"": ""2025-11-11"", ""win_rate"": 0.511705}, {""app_rate"": 0.011826, ""ban_rate"": 0.014895, ""date"": ""2025-11-10"", ""win_rate"": 0.512591}, {""app_rate"": 0.011809, ""ban_rate"": 0.015228, ""date"": ""2025-11-09"", ""win_rate"": 0.512962}, {""app_rate"": 0.012158, ""ban_rate"": 0.015599, ""date"": ""2025-11-08"", ""win_rate"": 0.513146}, {""app_rate"": 0.012487, ""ban_rate"": 0.015984, ""date"": ""2025-11-07"", ""win_rate"": 0.513638}, {""app_rate"": 0.012846, ""ban_rate"": 0.016337, ""date"": ""2025-11-06"", ""win_rate"": 0.513652}]}","2674709","2025-11-13"
"114","Melissa","[{'_id': '668541a2aa8e7f6ec4703d86', 'caption': '金币路', 'configId': 144237, 'createdAt': 1720009122589, 'createdUser': 'nickjin', 'data': {'_object': 2732073, 'road_sort_icon': 'https://akmweb.youngjoygame.com/web/gms/image/91f817c656908a83c2e24eecb3b70986.svg', 'road_sort_id': '5', 'road_sort_title': 'Gold Lane'}, 'dynamic': None, 'id': 2732079, 'linkId': [2732073], 'sort': 0, 'updatedAt': 1723022953428, 'updatedUser': 'nickjin'}, '']","https://akmweb.youngjoygame.com/web/svnres/img/mlbb/homepage_2_1_18_2/100_8044c8e2e966533e8978b20f4ecb5cd9.png","[{'_id': '6698c04f613093b976b4a978', 'caption': '5射手', 'configId': 144237, 'createdAt': 1721286735503, 'createdUser': 'nickjin', 'data': {'_object': 2740651, 'sort_icon': 'https://akmweb.youngjoygame.com/web/gms/image/025c69a764924f4bac526a2662f1a0b9.png', 'sort_id': '5', 'sort_title': 'Marksman'}, 'dynamic': None, 'id': 2740665, 'linkId': [2740651], 'sort': 0, 'updatedAt': 1723023126452, 'updatedUser': 'nickjin'}, '']","[6, 19, 0]","[27, 16, 0]","[115, 5, 0]","1713515848286","66222d48554108f063530515","1763042701290","{""bigrank"": ""8"", ""camp_type"": ""1"", ""main_heroid"": 114, ""match_type"": ""1"", ""win_rate"": [{""app_rate"": 0.004689, ""ban_rate"": 0.004574, ""date"": ""2025-11-12"", ""win_rate"": 0.536751}, {""app_rate"": 0.00461, ""ban_rate"": 0.004486, ""date"": ""2025-11-11"", ""win_rate"": 0.536506}, {""app_rate"": 0.004561, ""ban_rate"": 0.00444, ""date"": ""2025-11-10"", ""win_rate"": 0.536503}, {""app_rate"": 0.004522, ""ban_rate"": 0.004412, ""date"": ""2025-11-09"", ""win_rate"": 0.536737}, {""app_rate"": 0.004537, ""ban_rate"": 0.004353, ""date"": ""2025-11-08"", ""win_rate"": 0.536203}, {""app_rate"": 0.004526, ""ban_rate"": 0.004278, ""date"": ""2025-11-07"", ""win_rate"": 0.536379}, {""app_rate"": 0.00451, ""ban_rate"": 0.004209, ""date"": ""2025-11-06"", ""win_rate"": 0.536545}]}","2674709","2025-11-13"
"113","Yin","[{'_id': '668541caaa8e7f6ec4703d8a', 'caption': '打野', 'configId': 144237, 'createdAt': 1720009162509, 'createdUser': 'nickjin', 'data': {'_object': 2732073, 'road_sort_icon': 'https://akmweb.youngjoygame.com/web/gms/image/de611167c7310681135f0b4198137bfa.svg', 'road_sort_id': '4', 'road_sort_title': 'Jungle'}, 'dynamic': None, 'id': 2732080, 'linkId': [2732073], 'sort': 0, 'updatedAt': 1723022951463, 'updatedUser': 'nickjin'}, {'_id': '6685424caa8e7f6ec4703d97', 'caption': '经验路', 'configId': 144237, 'createdAt': 1720009292257, 'createdUser': 'nickjin', 'data': {'_object': 2732073, 'road_sort_icon': 'https://akmweb.youngjoygame.com/web/gms/image/6a246099f7eb83a8856306d8b4c84fc2.svg', 'road_sort_id': '1', 'road_sort_title': 'Exp Lane'}, 'dynamic': None, 'id': 2732085, 'linkId': [2732073], 'sort': 0, 'updatedAt': 1723022932111, 'updatedUser': 'nickjin'}]","https://akmweb.youngjoygame.com/web/svnres/img/mlbb/homepage_92/100_95836476311e2026077d87eb2373a281.png","[{'_id': '6698bfe8613093b976b4a96c', 'caption': '2战士', 'configId': 144237, 'createdAt': 1721286632237, 'createdUser': 'nickjin', 'data': {'_object': 2740651, 'sort_icon': 'https://akmweb.youngjoygame.com/web/gms/image/629e282165d4b63deceaf350426ea440.png', 'sort_id': '2', 'sort_title': 'fighter'}, 'dynamic': None, 'id': 2740659, 'linkId': [2740651], 'sort': 0, 'updatedAt': 1723023133206, 'updatedUser': 'nickjin'}, {'_id': '6698bffd613093b976b4a970', 'caption': '3刺客', 'configId': 144237, 'createdAt': 1721286653803, 'createdUser': 'nickjin', 'data': {'_object': 2740651, 'sort_icon': 'https://akmweb.youngjoygame.com/web/gms/image/d0b8b65a47fc43dc7bb2bac447072fd2.png', 'sort_id': '3', 'sort_title': 'assassin'}, 'dynamic': None, 'id': 2740661, 'linkId': [2740651], 'sort': 0, 'updatedAt': 1723023131050, 'updatedUser': 'nickjin'}]","[102, 14, 0]","[18, 91, 0]","[117, 77, 0]","1713515848286","66222d48554108f0635303f2","1763042701290","{""bigrank"": ""8"", ""camp_type"": ""1"", ""main_heroid"": 113, ""match_type"": ""1"", ""win_rate"": [{""app_rate"": 0.005229, ""ban_rate"": 0.017283, ""date"": ""2025-11-12"", ""win_rate"": 0.499149}, {""app_rate"": 0.005112, ""ban_rate"": 0.016831, ""date"": ""2025-11-11"", ""win_rate"": 0.499615}, {""app_rate"": 0.004971, ""ban_rate"": 0.016464, ""date"": ""2025-11-10"", ""win_rate"": 0.500138}, {""app_rate"": 0.004855, ""ban_rate"": 0.016295, ""date"": ""2025-11-09"", ""win_rate"": 0.500676}, {""app_rate"": 0.004813, ""ban_rate"": 0.015927, ""date"": ""2025-11-08"", ""win_rate"": 0.501081}, {""app_rate"": 0.004753, ""ban_rate"": 0.015557, ""date"": ""2025-11-07"", ""win_rate"": 0.500852}, {""app_rate"": 0.004734, ""ban_rate"": 0.01527, ""date"": ""2025-11-06"", ""win_rate"": 0.500944}]}","2674709","2025-11-13"
"112","Floryn","[{'_id': '66854202aa8e7f6ec4703d8f', 'caption': '辅助', 'configId': 144237, 'createdAt': 1720009218480, 'createdUser': 'nickjin', 'data': {'_object': 2732073, 'road_sort_icon': 'https://akmweb.youngjoygame.com/web/gms/image/a3dbb075b4d8186c29f02f7d47da236a.svg', 'road_sort_id': '3', 'road_sort_title': 'Roam'}, 'dynamic': None, 'id': 2732083, 'linkId': [2732073], 'sort': 0, 'updatedAt': 1723022949109, 'updatedUser': 'nickjin'}, '']","https://akmweb.youngjoygame.com/web/svnres/img/mlbb/homepage/100_5168f0a54304b2f20f976a1ffa96e1dc.png","[{'_id': '6698c06a613093b976b4a97c', 'caption': '6辅助', 'configId': 144237, 'createdAt': 1721286762785, 'createdUser': 'nickjin', 'data': {'_object': 2740651, 'sort_icon': 'https://akmweb.youngjoygame.com/web/gms/image/1e4609b25a4cd63ee5a13015d4058159.png', 'sort_id': '6', 'sort_title': 'support'}, 'dynamic': None, 'id': 2740666, 'linkId': [2740651], 'sort': 0, 'updatedAt': 1723023113317, 'updatedUser': 'nickjin'}, '']","[82, 72, 0]","[59, 20, 0]","[8, 3, 0]","1713515848286","66222d48554108f06353056e","1763042701290","{""bigrank"": ""8"", ""camp_type"": ""1"", ""main_heroid"": 112, ""match_type"": ""1"", ""win_rate"": [{""app_rate"": 0.010844, ""ban_rate"": 0.315549, ""date"": ""2025-11-12"", ""win_rate"": 0.533865}, {""app_rate"": 0.010993, ""ban_rate"": 0.314429, ""date"": ""2025-11-11"", ""win_rate"": 0.53524}, {""app_rate"": 0.011273, ""ban_rate"": 0.320195, ""date"": ""2025-11-10"", ""win_rate"": 0.536975}, {""app_rate"": 0.011492, ""ban_rate"": 0.322516, ""date"": ""2025-11-09"", ""win_rate"": 0.537612}, {""app_rate"": 0.011625, ""ban_rate"": 0.321765, ""date"": ""2025-11-08"", ""win_rate"": 0.538264}, {""app_rate"": 0.011687, ""ban_rate"": 0.319915, ""date"": ""2025-11-07"", ""win_rate"": 0.538366}, {""app_rate"": 0.011704, ""ban_rate"": 0.317369, ""date"": ""2025-11-06"", ""win_rate"": 0.538739}]}","2674709","2025-11-13"
"111","Edith","[{'_id': '6685424caa8e7f6ec4703d97', 'caption': '经验路', 'configId': 144237, 'createdAt': 1720009292257, 'createdUser': 'nickjin', 'data': {'_object': 2732073, 'road_sort_icon': 'https://akmweb.youngjoygame.com/web/gms/image/6a246099f7eb83a8856306d8b4c84fc2.svg', 'road_sort_id': '1', 'road_sort_title': 'Exp Lane'}, 'dynamic': None, 'id': 2732085, 'linkId': [2732073], 'sort': 0, 'updatedAt': 1723022932111, 'updatedUser': 'nickjin'}, {'_id': '66854202aa8e7f6ec4703d8f', 'caption': '辅助', 'configId': 144237, 'createdAt': 1720009218480, 'createdUser': 'nickjin', 'data': {'_object': 2732073, 'road_sort_icon': 'https://akmweb.youngjoygame.com/web/gms/image/a3dbb075b4d8186c29f02f7d47da236a.svg', 'road_sort_id': '3', 'road_sort_title': 'Roam'}, 'dynamic': None, 'id': 2732083, 'linkId': [2732073], 'sort': 0, 'updatedAt': 1723022949109, 'updatedUser': 'nickjin'}]","https://akmweb.youngjoygame.com/web/svnres/img/mlbb/homepage/100_352f65059bc1180ae0fc066003d628e0.png","[{'_id': '6698bfbc613093b976b4a949', 'caption': '1坦克', 'configId': 144237, 'createdAt': 1721286588147, 'createdUser': 'nickjin', 'data': {'_object': 2740651, 'sort_icon': 'https://akmweb.youngjoygame.com/web/gms/image/60638c59536d9505c9c731af13f7fdfd.png', 'sort_id': '1', 'sort_title': 'tank'}, 'dynamic': None, 'id': 2740657, 'linkId': [2740651], 'sort': 0, 'updatedAt': 1723023135175, 'updatedUser': 'nickjin'}, {'_id': '6698c04f613093b976b4a978', 'caption': '5射手', 'configId': 144237, 'createdAt': 1721286735503, 'createdUser': 'nickjin', 'data': {'_object': 2740651, 'sort_icon': 'https://akmweb.youngjoygame.com/web/gms/image/025c69a764924f4bac526a2662f1a0b9.png', 'sort_id': '5', 'sort_title': 'Marksman'}, 'dynamic': None, 'id': 2740665, 'linkId': [2740651], 'sort': 0, 'updatedAt': 1723023126452, 'updatedUser': 'nickjin'}]","[19, 93, 0]","[16, 108, 0]","[60, 89, 0]","1713515848286","66222d49554108f063531996","1763042701290","{""bigrank"": ""8"", ""camp_type"": ""1"", ""main_heroid"": 111, ""match_type"": ""1"", ""win_rate"": [{""app_rate"": 0.001989, ""ban_rate"": 0.000886, ""date"": ""2025-11-12"", ""win_rate"": 0.515332}, {""app_rate"": 0.001993, ""ban_rate"": 0.000886, ""date"": ""2025-11-11"", ""win_rate"": 0.516601}, {""app_rate"": 0.00201, ""ban_rate"": 0.000879, ""date"": ""2025-11-10"", ""win_rate"": 0.516652}, {""app_rate"": 0.002044, ""ban_rate"": 0.000873, ""date"": ""2025-11-09"", ""win_rate"": 0.517399}, {""app_rate"": 0.001948, ""ban_rate"": 0.000862, ""date"": ""2025-11-08"", ""win_rate"": 0.51699}, {""app_rate"": 0.001884, ""ban_rate"": 0.00085, ""date"": ""2025-11-07"", ""win_rate"": 0.517011}, {""app_rate"": 0.001837, ""ban_rate"": 0.000838, ""date"": ""2025-11-06"", ""win_rate"": 0.517608}]}","2674709","2025-11-13"
"110","Valentina","[{'_id': '66854225aa8e7f6ec4703d93', 'caption': '中路', 'configId': 144237, 'createdAt': 1720009253985, 'createdUser': 'nickjin', 'data': {'_object': 2732073, 'road_sort_icon': 'https://akmweb.youngjoygame.com/web/gms/image/facab1eacb218d767b5acb80304bfafd.svg', 'road_sort_id': '2', 'road_sort_title': 'Mid Lane'}, 'dynamic': None, 'id': 2732084, 'linkId': [2732073], 'sort': 0, 'updatedAt': 1723022943932, 'updatedUser': 'nickjin'}, '']","https://akmweb.youngjoygame.com/web/svnres/img/mlbb/homepage/100_7923ebf470d0e963e9978cb21eb25780.png","[{'_id': '6698c015613093b976b4a974', 'caption': '4法师', 'configId': 144237, 'createdAt': 1721286677393, 'createdUser': 'nickjin', 'data': {'_object': 2740651, 'sort_icon': 'https://akmweb.youngjoygame.com/web/gms/image/1c6985dd0caec2028ccb6d1b8ca95e0f.png', 'sort_id': '4', 'sort_title': 'mage'}, 'dynamic': None, 'id': 2740663, 'linkId': [2740651], 'sort': 0, 'updatedAt': 1723023128824, 'updatedUser': 'nickjin'}, '']","[92, 93, 0]","[60, 76, 0]","[21, 24, 69]","1713515848286","66222d48554108f063530516","1763042701290","{""bigrank"": ""8"", ""camp_type"": ""1"", ""main_heroid"": 110, ""match_type"": ""1"", ""win_rate"": [{""app_rate"": 0.001124, ""ban_rate"": 0.000601, ""date"": ""2025-11-12"", ""win_rate"": 0.417739}, {""app_rate"": 0.001127, ""ban_rate"": 0.000596, ""date"": ""2025-11-11"", ""win_rate"": 0.419668}, {""app_rate"": 0.00113, ""ban_rate"": 0.000614, ""date"": ""2025-11-10"", ""win_rate"": 0.420207}, {""app_rate"": 0.001135, ""ban_rate"": 0.000622, ""date"": ""2025-11-09"", ""win_rate"": 0.421185}, {""app_rate"": 0.001175, ""ban_rate"": 0.000629, ""date"": ""2025-11-08"", ""win_rate"": 0.42142}, {""app_rate"": 0.001202, ""ban_rate"": 0.000633, ""date"": ""2025-11-07"", ""win_rate"": 0.422025}, {""app_rate"": 0.001225, ""ban_rate"": 0.000635, ""date"": ""2025-11-06"", ""win_rate"": 0.423553}]}","2674709","2025-11-13"
"109","Aamon","[{'_id': '668541caaa8e7f6ec4703d8a', 'caption': '打野', 'configId': 144237, 'createdAt': 1720009162509, 'createdUser': 'nickjin', 'data': {'_object': 2732073, 'road_sort_icon': 'https://akmweb.youngjoygame.com/web/gms/image/de611167c7310681135f0b4198137bfa.svg', 'road_sort_id': '4', 'road_sort_title': 'Jungle'}, 'dynamic': None, 'id': 2732080, 'linkId': [2732073], 'sort': 0, 'updatedAt': 1723022951463, 'updatedUser': 'nickjin'}, '']","https://akmweb.youngjoygame.com/web/svnres/img/mlbb/homepage/100_c9e4d330229c88b1e78ef88ce9db4223.png","[{'_id': '6698bffd613093b976b4a970', 'caption': '3刺客', 'configId': 144237, 'createdAt': 1721286653803, 'createdUser': 'nickjin', 'data': {'_object': 2740651, 'sort_icon': 'https://akmweb.youngjoygame.com/web/gms/image/d0b8b65a47fc43dc7bb2bac447072fd2.png', 'sort_id': '3', 'sort_title': 'assassin'}, 'dynamic': None, 'id': 2740661, 'linkId': [2740651], 'sort': 0, 'updatedAt': 1723023131050, 'updatedUser': 'nickjin'}, '']","[14, 112, 0]","[115, 91, 0]","[2, 117, 0]","1713515848286","66222d48554108f0635305a2","1763042701290","{""bigrank"": ""8"", ""camp_type"": ""1"", ""main_heroid"": 109, ""match_type"": ""1"", ""win_rate"": [{""app_rate"": 0.010734, ""ban_rate"": 0.59551, ""date"": ""2025-11-12"", ""win_rate"": 0.548447}, {""app_rate"": 0.01065, ""ban_rate"": 0.593888, ""date"": ""2025-11-11"", ""win_rate"": 0.548679}, {""app_rate"": 0.010589, ""ban_rate"": 0.583346, ""date"": ""2025-11-10"", ""win_rate"": 0.549938}, {""app_rate"": 0.010485, ""ban_rate"": 0.576318, ""date"": ""2025-11-09"", ""win_rate"": 0.550503}, {""app_rate"": 0.010473, ""ban_rate"": 0.572125, ""date"": ""2025-11-08"", ""win_rate"": 0.550692}, {""app_rate"": 0.010426, ""ban_rate"": 0.569971, ""date"": ""2025-11-07"", ""win_rate"": 0.550995}, {""app_rate"": 0.01046, ""ban_rate"": 0.568432, ""date"": ""2025-11-06"", ""win_rate"": 0.5504}]}","2674709","2025-11-13"
"108","Aulus","[{'_id': '668541caaa8e7f6ec4703d8a', 'caption': '打野', 'configId': 144237, 'createdAt': 1720009162509, 'createdUser': 'nickjin', 'data': {'_object': 2732073, 'road_sort_icon': 'https://akmweb.youngjoygame.com/web/gms/image/de611167c7310681135f0b4198137bfa.svg', 'road_sort_id': '4', 'road_sort_title': 'Jungle'}, 'dynamic': None, 'id': 2732080, 'linkId': [2732073], 'sort': 0, 'updatedAt': 1723022951463, 'updatedUser': 'nickjin'}, '']","https://akmweb.youngjoygame.com/web/svnres/img/mlbb/homepage/100_55751a5c47dc36cb6c1da705c5f5c687.png","[{'_id': '6698bfe8613093b976b4a96c', 'caption': '2战士', 'configId': 144237, 'createdAt': 1721286632237, 'createdUser': 'nickjin', 'data': {'_object': 2740651, 'sort_icon': 'https://akmweb.youngjoygame.com/web/gms/image/629e282165d4b63deceaf350426ea440.png', 'sort_id': '2', 'sort_title': 'fighter'}, 'dynamic': None, 'id': 2740659, 'linkId': [2740651], 'sort': 0, 'updatedAt': 1723023133206, 'updatedUser': 'nickjin'}, '']","[55, 101, 0]","[60, 101, 23]","[10, 89, 0]","1713515848286","66222d49554108f0635318d8","1763042701290","{""bigrank"": ""8"", ""camp_type"": ""1"", ""main_heroid"": 108, ""match_type"": ""1"", ""win_rate"": [{""app_rate"": 0.001264, ""ban_rate"": 0.000885, ""date"": ""2025-11-12"", ""win_rate"": 0.529142}, {""app_rate"": 0.001255, ""ban_rate"": 0.000877, ""date"": ""2025-11-11"", ""win_rate"": 0.531217}, {""app_rate"": 0.00123, ""ban_rate"": 0.000886, ""date"": ""2025-11-10"", ""win_rate"": 0.531716}, {""app_rate"": 0.001206, ""ban_rate"": 0.000883, ""date"": ""2025-11-09"", ""win_rate"": 0.53134}, {""app_rate"": 0.001199, ""ban_rate"": 0.000887, ""date"": ""2025-11-08"", ""win_rate"": 0.533136}, {""app_rate"": 0.001178, ""ban_rate"": 0.000886, ""date"": ""2025-11-07"", ""win_rate"": 0.533559}, {""app_rate"": 0.001166, ""ban_rate"": 0.000882, ""date"": ""2025-11-06"", ""win_rate"": 0.533503}]}","2674709","2025-11-13"
"107","Natan","[{'_id': '668541a2aa8e7f6ec4703d86', 'caption': '金币路', 'configId': 144237, 'createdAt': 1720009122589, 'createdUser': 'nickjin', 'data': {'_object': 2732073, 'road_sort_icon': 'https://akmweb.youngjoygame.com/web/gms/image/91f817c656908a83c2e24eecb3b70986.svg', 'road_sort_id': '5', 'road_sort_title': 'Gold Lane'}, 'dynamic': None, 'id': 2732079, 'linkId': [2732073], 'sort': 0, 'updatedAt': 1723022953428, 'updatedUser': 'nickjin'}, '']","https://akmweb.youngjoygame.com/web/svnres/img/mlbb/homepage/100_6736ef8c230d82576c3710e9fc248e11.png","[{'_id': '6698c04f613093b976b4a978', 'caption': '5射手', 'configId': 144237, 'createdAt': 1721286735503, 'createdUser': 'nickjin', 'data': {'_object': 2740651, 'sort_icon': 'https://akmweb.youngjoygame.com/web/gms/image/025c69a764924f4bac526a2662f1a0b9.png', 'sort_id': '5', 'sort_title': 'Marksman'}, 'dynamic': None, 'id': 2740665, 'linkId': [2740651], 'sort': 0, 'updatedAt': 1723023126452, 'updatedUser': 'nickjin'}, '']","[32, 28, 0]","[6, 41, 0]","[3, 15, 0]","1713515848286","66222d49554108f0635318b3","1763042701290","{""bigrank"": ""8"", ""camp_type"": ""1"", ""main_heroid"": 107, ""match_type"": ""1"", ""win_rate"": [{""app_rate"": 0.011529, ""ban_rate"": 0.33522, ""date"": ""2025-11-12"", ""win_rate"": 0.527166}, {""app_rate"": 0.011672, ""ban_rate"": 0.342228, ""date"": ""2025-11-11"", ""win_rate"": 0.527477}, {""app_rate"": 0.011605, ""ban_rate"": 0.340958, ""date"": ""2025-11-10"", ""win_rate"": 0.527707}, {""app_rate"": 0.011571, ""ban_rate"": 0.342387, ""date"": ""2025-11-09"", ""win_rate"": 0.527856}, {""app_rate"": 0.011882, ""ban_rate"": 0.348959, ""date"": ""2025-11-08"", ""win_rate"": 0.527576}, {""app_rate"": 0.012168, ""ban_rate"": 0.355789, ""date"": ""2025-11-07"", ""win_rate"": 0.52755}, {""app_rate"": 0.012426, ""ban_rate"": 0.362198, ""date"": ""2025-11-06"", ""win_rate"": 0.527784}]}","2674709","2025-11-13"
"106","Phoveus","[{'_id': '6685424caa8e7f6ec4703d97', 'caption': '经验路', 'configId': 144237, 'createdAt': 1720009292257, 'createdUser': 'nickjin', 'data': {'_object': 2732073, 'road_sort_icon': 'https://akmweb.youngjoygame.com/web/gms/image/6a246099f7eb83a8856306d8b4c84fc2.svg', 'road_sort_id': '1', 'road_sort_title': 'Exp Lane'}, 'dynamic': None, 'id': 2732085, 'linkId': [2732073], 'sort': 0, 'updatedAt': 1723022932111, 'updatedUser': 'nickjin'}, '']","https://akmweb.youngjoygame.com/web/svnres/img/mlbb/homepage_1_9_06/100_6bfe8ca7e60623a5261eac20e2b39d34.png","[{'_id': '6698bfe8613093b976b4a96c', 'caption': '2战士', 'configId': 144237, 'createdAt': 1721286632237, 'createdUser': 'nickjin', 'data': {'_object': 2740651, 'sort_icon': 'https://akmweb.youngjoygame.com/web/gms/image/629e282165d4b63deceaf350426ea440.png', 'sort_id': '2', 'sort_title': 'fighter'}, 'dynamic': None, 'id': 2740659, 'linkId': [2740651], 'sort': 0, 'updatedAt': 1723023133206, 'updatedUser': 'nickjin'}, '']","[41, 19, 6]","[89, 120, 26]","[36, 57, 38]","1713515848286","66222d48554108f0635303e2","1763042701290","{""bigrank"": ""8"", ""camp_type"": ""1"", ""main_heroid"": 106, ""match_type"": ""1"", ""win_rate"": [{""app_rate"": 0.006825, ""ban_rate"": 0.036598, ""date"": ""2025-11-12"", ""win_rate"": 0.510613}, {""app_rate"": 0.006822, ""ban_rate"": 0.03662, ""date"": ""2025-11-11"", ""win_rate"": 0.510582}, {""app_rate"": 0.006766, ""ban_rate"": 0.036499, ""date"": ""2025-11-10"", ""win_rate"": 0.511179}, {""app_rate"": 0.006726, ""ban_rate"": 0.036427, ""date"": ""2025-11-09"", ""win_rate"": 0.512138}, {""app_rate"": 0.006859, ""ban_rate"": 0.036496, ""date"": ""2025-11-08"", ""win_rate"": 0.513304}, {""app_rate"": 0.006944, ""ban_rate"": 0.036321, ""date"": ""2025-11-07"", ""win_rate"": 0.513765}, {""app_rate"": 0.007, ""ban_rate"": 0.036067, ""date"": ""2025-11-06"", ""win_rate"": 0.513907}]}","2674709","2025-11-13"
"105","Beatrix","[{'_id': '668541a2aa8e7f6ec4703d86', 'caption': '金币路', 'configId': 144237, 'createdAt': 1720009122589, 'createdUser': 'nickjin', 'data': {'_object': 2732073, 'road_sort_icon': 'https://akmweb.youngjoygame.com/web/gms/image/91f817c656908a83c2e24eecb3b70986.svg', 'road_sort_id': '5', 'road_sort_title': 'Gold Lane'}, 'dynamic': None, 'id': 2732079, 'linkId': [2732073], 'sort': 0, 'updatedAt': 1723022953428, 'updatedUser': 'nickjin'}, '']","https://akmweb.youngjoygame.com/web/svnres/img/mlbb/homepage/100_c1acd7cbd828f0c5d291e48a0f7c018d.png","[{'_id': '6698c04f613093b976b4a978', 'caption': '5射手', 'configId': 144237, 'createdAt': 1721286735503, 'createdUser': 'nickjin', 'data': {'_object': 2740651, 'sort_icon': 'https://akmweb.youngjoygame.com/web/gms/image/025c69a764924f4bac526a2662f1a0b9.png', 'sort_id': '5', 'sort_title': 'Marksman'}, 'dynamic': None, 'id': 2740665, 'linkId': [2740651], 'sort': 0, 'updatedAt': 1723023126452, 'updatedUser': 'nickjin'}, '']","[78, 93, 0]","[49, 70, 0, 0]","[15, 84, 0, 0]","1713515848286","66222d48554108f06353040f","1763042701290","{""bigrank"": ""8"", ""camp_type"": ""1"", ""main_heroid"": 105, ""match_type"": ""1"", ""win_rate"": [{""app_rate"": 0.00583, ""ban_rate"": 0.001632, ""date"": ""2025-11-12"", ""win_rate"": 0.482874}, {""app_rate"": 0.005846, ""ban_rate"": 0.001592, ""date"": ""2025-11-11"", ""win_rate"": 0.483763}, {""app_rate"": 0.005872, ""ban_rate"": 0.001586, ""date"": ""2025-11-10"", ""win_rate"": 0.484564}, {""app_rate"": 0.005832, ""ban_rate"": 0.001582, ""date"": ""2025-11-09"", ""win_rate"": 0.48477}, {""app_rate"": 0.005858, ""ban_rate"": 0.001568, ""date"": ""2025-11-08"", ""win_rate"": 0.484539}, {""app_rate"": 0.005872, ""ban_rate"": 0.001553, ""date"": ""2025-11-07"", ""win_rate"": 0.484456}, {""app_rate"": 0.005864, ""ban_rate"": 0.001526, ""date"": ""2025-11-06"", ""win_rate"": 0.484696}]}","2674709","2025-11-13"
"104","Gloo","[{'_id': '6685424caa8e7f6ec4703d97', 'caption': '经验路', 'configId': 144237, 'createdAt': 1720009292257, 'createdUser': 'nickjin', 'data': {'_object': 2732073, 'road_sort_icon': 'https://akmweb.youngjoygame.com/web/gms/image/6a246099f7eb83a8856306d8b4c84fc2.svg', 'road_sort_id': '1', 'road_sort_title': 'Exp Lane'}, 'dynamic': None, 'id': 2732085, 'linkId': [2732073], 'sort': 0, 'updatedAt': 1723022932111, 'updatedUser': 'nickjin'}, {'_id': '66854202aa8e7f6ec4703d8f', 'caption': '辅助', 'configId': 144237, 'createdAt': 1720009218480, 'createdUser': 'nickjin', 'data': {'_object': 2732073, 'road_sort_icon': 'https://akmweb.youngjoygame.com/web/gms/image/a3dbb075b4d8186c29f02f7d47da236a.svg', 'road_sort_id': '3', 'road_sort_title': 'Roam'}, 'dynamic': None, 'id': 2732083, 'linkId': [2732073], 'sort': 0, 'updatedAt': 1723022949109, 'updatedUser': 'nickjin'}]","https://akmweb.youngjoygame.com/web/svnres/img/mlbb/homepage_1_9_642/100_8b401d50920f2359060a9c7a3c833df1.png","[{'_id': '6698bfbc613093b976b4a949', 'caption': '1坦克', 'configId': 144237, 'createdAt': 1721286588147, 'createdUser': 'nickjin', 'data': {'_object': 2740651, 'sort_icon': 'https://akmweb.youngjoygame.com/web/gms/image/60638c59536d9505c9c731af13f7fdfd.png', 'sort_id': '1', 'sort_title': 'tank'}, 'dynamic': None, 'id': 2740657, 'linkId': [2740651], 'sort': 0, 'updatedAt': 1723023135175, 'updatedUser': 'nickjin'}, '']","[15, 3, 0]","[91, 61, 0, 0]","[40, 53, 0, 0]","1713515848286","66222d48554108f063530711","1763042701290","{""bigrank"": ""8"", ""camp_type"": ""1"", ""main_heroid"": 104, ""match_type"": ""1"", ""win_rate"": [{""app_rate"": 0.004906, ""ban_rate"": 0.44585, ""date"": ""2025-11-12"", ""win_rate"": 0.559958}, {""app_rate"": 0.00488, ""ban_rate"": 0.444678, ""date"": ""2025-11-11"", ""win_rate"": 0.559933}, {""app_rate"": 0.004857, ""ban_rate"": 0.454112, ""date"": ""2025-11-10"", ""win_rate"": 0.558566}, {""app_rate"": 0.00487, ""ban_rate"": 0.459537, ""date"": ""2025-11-09"", ""win_rate"": 0.556343}, {""app_rate"": 0.0049, ""ban_rate"": 0.458203, ""date"": ""2025-11-08"", ""win_rate"": 0.555174}, {""app_rate"": 0.004936, ""ban_rate"": 0.45572, ""date"": ""2025-11-07"", ""win_rate"": 0.554694}, {""app_rate"": 0.00497, ""ban_rate"": 0.452996, ""date"": ""2025-11-06"", ""win_rate"": 0.554556}]}","2674709","2025-11-13"
"103","Paquito","[{'_id': '6685424caa8e7f6ec4703d97', 'caption': '经验路', 'configId': 144237, 'createdAt': 1720009292257, 'createdUser': 'nickjin', 'data': {'_object': 2732073, 'road_sort_icon': 'https://akmweb.youngjoygame.com/web/gms/image/6a246099f7eb83a8856306d8b4c84fc2.svg', 'road_sort_id': '1', 'road_sort_title': 'Exp Lane'}, 'dynamic': None, 'id': 2732085, 'linkId': [2732073], 'sort': 0, 'updatedAt': 1723022932111, 'updatedUser': 'nickjin'}, '']","https://akmweb.youngjoygame.com/web/svnres/img/mlbb/homepage/100_1986ebcc24fc3eb28f59f079c15be612.png","[{'_id': '6698bfe8613093b976b4a96c', 'caption': '2战士', 'configId': 144237, 'createdAt': 1721286632237, 'createdUser': 'nickjin', 'data': {'_object': 2740651, 'sort_icon': 'https://akmweb.youngjoygame.com/web/gms/image/629e282165d4b63deceaf350426ea440.png', 'sort_id': '2', 'sort_title': 'fighter'}, 'dynamic': None, 'id': 2740659, 'linkId': [2740651], 'sort': 0, 'updatedAt': 1723023133206, 'updatedUser': 'nickjin'}, {'_id': '6698bffd613093b976b4a970', 'caption': '3刺客', 'configId': 144237, 'createdAt': 1721286653803, 'createdUser': 'nickjin', 'data': {'_object': 2740651, 'sort_icon': 'https://akmweb.youngjoygame.com/web/gms/image/d0b8b65a47fc43dc7bb2bac447072fd2.png', 'sort_id': '3', 'sort_title': 'assassin'}, 'dynamic': None, 'id': 2740661, 'linkId': [2740651], 'sort': 0, 'updatedAt': 1723023131050, 'updatedUser': 'nickjin'}]","[55, 14, 0]","[23, 18, 0, 0]","[10, 62, 0, 0]","1713515848286","66222d48554108f063530790","1763042701290","{""bigrank"": ""8"", ""camp_type"": ""1"", ""main_heroid"": 103, ""match_type"": ""1"", ""win_rate"": [{""app_rate"": 0.002168, ""ban_rate"": 0.000792, ""date"": ""2025-11-12"", ""win_rate"": 0.448555}, {""app_rate"": 0.002151, ""ban_rate"": 0.000783, ""date"": ""2025-11-11"", ""win_rate"": 0.447647}, {""app_rate"": 0.002122, ""ban_rate"": 0.000773, ""date"": ""2025-11-10"", ""win_rate"": 0.448987}, {""app_rate"": 0.002102, ""ban_rate"": 0.000776, ""date"": ""2025-11-09"", ""win_rate"": 0.450429}, {""app_rate"": 0.002113, ""ban_rate"": 0.000773, ""date"": ""2025-11-08"", ""win_rate"": 0.451155}, {""app_rate"": 0.002106, ""ban_rate"": 0.00076, ""date"": ""2025-11-07"", ""win_rate"": 0.451126}, {""app_rate"": 0.002103, ""ban_rate"": 0.000754, ""date"": ""2025-11-06"", ""win_rate"": 0.451718}]}","2674709","2025-11-13"
"102","Mathilda","[{'_id': '66854202aa8e7f6ec4703d8f', 'caption': '辅助', 'configId': 144237, 'createdAt': 1720009218480, 'createdUser': 'nickjin', 'data': {'_object': 2732073, 'road_sort_icon': 'https://akmweb.youngjoygame.com/web/gms/image/a3dbb075b4d8186c29f02f7d47da236a.svg', 'road_sort_id': '3', 'road_sort_title': 'Roam'}, 'dynamic': None, 'id': 2732083, 'linkId': [2732073], 'sort': 0, 'updatedAt': 1723022949109, 'updatedUser': 'nickjin'}, '']","https://akmweb.youngjoygame.com/web/svnres/img/mlbb/homepage_2_1_18_2/100_c3d601a8f6a69409359083ba599f0bb6.png","[{'_id': '6698c06a613093b976b4a97c', 'caption': '6辅助', 'configId': 144237, 'createdAt': 1721286762785, 'createdUser': 'nickjin', 'data': {'_object': 2740651, 'sort_icon': 'https://akmweb.youngjoygame.com/web/gms/image/1e4609b25a4cd63ee5a13015d4058159.png', 'sort_id': '6', 'sort_title': 'support'}, 'dynamic': None, 'id': 2740666, 'linkId': [2740651], 'sort': 0, 'updatedAt': 1723023113317, 'updatedUser': 'nickjin'}, {'_id': '6698bffd613093b976b4a970', 'caption': '3刺客', 'configId': 144237, 'createdAt': 1721286653803, 'createdUser': 'nickjin', 'data': {'_object': 2740651, 'sort_icon': 'https://akmweb.youngjoygame.com/web/gms/image/d0b8b65a47fc43dc7bb2bac447072fd2.png', 'sort_id': '3', 'sort_title': 'assassin'}, 'dynamic': None, 'id': 2740661, 'linkId': [2740651], 'sort': 0, 'updatedAt': 1723023131050, 'updatedUser': 'nickjin'}]","[3, 15, 0]","[23, 66, 0, 0]","[10, 74, 0, 0]","1713515848286","66222d49554108f063531879","1763042701290","{""bigrank"": ""8"", ""camp_type"": ""1"", ""main_heroid"": 102, ""match_type"": ""1"", ""win_rate"": [{""app_rate"": 0.001867, ""ban_rate"": 0.010416, ""date"": ""2025-11-12"", ""win_rate"": 0.444496}, {""app_rate"": 0.001908, ""ban_rate"": 0.010544, ""date"": ""2025-11-11"", ""win_rate"": 0.443039}, {""app_rate"": 0.001977, ""ban_rate"": 0.010924, ""date"": ""2025-11-10"", ""win_rate"": 0.442366}, {""app_rate"": 0.002036, ""ban_rate"": 0.011162, ""date"": ""2025-11-09"", ""win_rate"": 0.444269}, {""app_rate"": 0.002068, ""ban_rate"": 0.011228, ""date"": ""2025-11-08"", ""win_rate"": 0.444299}, {""app_rate"": 0.002079, ""ban_rate"": 0.011171, ""date"": ""2025-11-07"", ""win_rate"": 0.44448}, {""app_rate"": 0.002075, ""ban_rate"": 0.011084, ""date"": ""2025-11-06"", ""win_rate"": 0.444844}]}","2674709","2025-11-13"
"101","Yve","[{'_id': '66854225aa8e7f6ec4703d93', 'caption': '中路', 'configId': 144237, 'createdAt': 1720009253985, 'createdUser': 'nickjin', 'data': {'_object': 2732073, 'road_sort_icon': 'https://akmweb.youngjoygame.com/web/gms/image/facab1eacb218d767b5acb80304bfafd.svg', 'road_sort_id': '2', 'road_sort_title': 'Mid Lane'}, 'dynamic': None, 'id': 2732084, 'linkId': [2732073], 'sort': 0, 'updatedAt': 1723022943932, 'updatedUser': 'nickjin'}, '']","https://akmweb.youngjoygame.com/web/svnres/img/mlbb/homepage_92/100_d8cc30b9d273a81bd838afc691852b6f.png","[{'_id': '6698c015613093b976b4a974', 'caption': '4法师', 'configId': 144237, 'createdAt': 1721286677393, 'createdUser': 'nickjin', 'data': {'_object': 2740651, 'sort_icon': 'https://akmweb.youngjoygame.com/web/gms/image/1c6985dd0caec2028ccb6d1b8ca95e0f.png', 'sort_id': '4', 'sort_title': 'mage'}, 'dynamic': None, 'id': 2740663, 'linkId': [2740651], 'sort': 0, 'updatedAt': 1723023128824, 'updatedUser': 'nickjin'}, '']","[19, 41, 93]","[117, 99, 108]","[113, 3, 8]","1713515848286","66222d49554108f0635319ec","1763042701290","{""bigrank"": ""8"", ""camp_type"": ""1"", ""main_heroid"": 101, ""match_type"": ""1"", ""win_rate"": [{""app_rate"": 0.00265, ""ban_rate"": 0.006963, ""date"": ""2025-11-12"", ""win_rate"": 0.525398}, {""app_rate"": 0.002675, ""ban_rate"": 0.007153, ""date"": ""2025-11-11"", ""win_rate"": 0.525602}, {""app_rate"": 0.002717, ""ban_rate"": 0.007759, ""date"": ""2025-11-10"", ""win_rate"": 0.525912}, {""app_rate"": 0.002754, ""ban_rate"": 0.008183, ""date"": ""2025-11-09"", ""win_rate"": 0.527053}, {""app_rate"": 0.002874, ""ban_rate"": 0.008477, ""date"": ""2025-11-08"", ""win_rate"": 0.526171}, {""app_rate"": 0.002954, ""ban_rate"": 0.008662, ""date"": ""2025-11-07"", ""win_rate"": 0.525633}, {""app_rate"": 0.003015, ""ban_rate"": 0.008741, ""date"": ""2025-11-06"", ""win_rate"": 0.526294}]}","2674709","2025-11-13"
"100","Brody","[{'_id': '668541a2aa8e7f6ec4703d86', 'caption': '金币路', 'configId': 144237, 'createdAt': 1720009122589, 'createdUser': 'nickjin', 'data': {'_object': 2732073, 'road_sort_icon': 'https://akmweb.youngjoygame.com/web/gms/image/91f817c656908a83c2e24eecb3b70986.svg', 'road_sort_id': '5', 'road_sort_title': 'Gold Lane'}, 'dynamic': None, 'id': 2732079, 'linkId': [2732073], 'sort': 0, 'updatedAt': 1723022953428, 'updatedUser': 'nickjin'}, '']","https://akmweb.youngjoygame.com/web/svnres/img/mlbb/homepage/100_dc8216bde520fd7be7a2e9e6fad90191.png","[{'_id': '6698c04f613093b976b4a978', 'caption': '5射手', 'configId': 144237, 'createdAt': 1721286735503, 'createdUser': 'nickjin', 'data': {'_object': 2740651, 'sort_icon': 'https://akmweb.youngjoygame.com/web/gms/image/025c69a764924f4bac526a2662f1a0b9.png', 'sort_id': '5', 'sort_title': 'Marksman'}, 'dynamic': None, 'id': 2740665, 'linkId': [2740651], 'sort': 0, 'updatedAt': 1723023126452, 'updatedUser': 'nickjin'}, '']","[49, 74, 0]","[109, 113, 0, 0]","[58, 89, 0, 0]","1713515848286","66222d49554108f063531b6c","1763042701290","{""bigrank"": ""8"", ""camp_type"": ""1"", ""main_heroid"": 100, ""match_type"": ""1"", ""win_rate"": [{""app_rate"": 0.006467, ""ban_rate"": 0.00545, ""date"": ""2025-11-12"", ""win_rate"": 0.522051}, {""app_rate"": 0.006521, ""ban_rate"": 0.005419, ""date"": ""2025-11-11"", ""win_rate"": 0.520646}, {""app_rate"": 0.006567, ""ban_rate"": 0.00541, ""date"": ""2025-11-10"", ""win_rate"": 0.521312}, {""app_rate"": 0.006601, ""ban_rate"": 0.005354, ""date"": ""2025-11-09"", ""win_rate"": 0.522002}, {""app_rate"": 0.006576, ""ban_rate"": 0.005324, ""date"": ""2025-11-08"", ""win_rate"": 0.522435}, {""app_rate"": 0.00656, ""ban_rate"": 0.005278, ""date"": ""2025-11-07"", ""win_rate"": 0.522692}, {""app_rate"": 0.006557, ""ban_rate"": 0.005203, ""date"": ""2025-11-06"", ""win_rate"": 0.522796}]}","2674709","2025-11-13"
"99","Barats","[{'_id': '668541caaa8e7f6ec4703d8a', 'caption': '打野', 'configId': 144237, 'createdAt': 1720009162509, 'createdUser': 'nickjin', 'data': {'_object': 2732073, 'road_sort_icon': 'https://akmweb.youngjoygame.com/web/gms/image/de611167c7310681135f0b4198137bfa.svg', 'road_sort_id': '4', 'road_sort_title': 'Jungle'}, 'dynamic': None, 'id': 2732080, 'linkId': [2732073], 'sort': 0, 'updatedAt': 1723022951463, 'updatedUser': 'nickjin'}, '']","https://akmweb.youngjoygame.com/web/svnres/img/mlbb/homepage/100_2ff4a47ddc77ec9e4e5a522fd696d2c4.png","[{'_id': '6698bfbc613093b976b4a949', 'caption': '1坦克', 'configId': 144237, 'createdAt': 1721286588147, 'createdUser': 'nickjin', 'data': {'_object': 2740651, 'sort_icon': 'https://akmweb.youngjoygame.com/web/gms/image/60638c59536d9505c9c731af13f7fdfd.png', 'sort_id': '1', 'sort_title': 'tank'}, 'dynamic': None, 'id': 2740657, 'linkId': [2740651], 'sort': 0, 'updatedAt': 1723023135175, 'updatedUser': 'nickjin'}, {'_id': '6698bfe8613093b976b4a96c', 'caption': '2战士', 'configId': 144237, 'createdAt': 1721286632237, 'createdUser': 'nickjin', 'data': {'_object': 2740651, 'sort_icon': 'https://akmweb.youngjoygame.com/web/gms/image/629e282165d4b63deceaf350426ea440.png', 'sort_id': '2', 'sort_title': 'fighter'}, 'dynamic': None, 'id': 2740659, 'linkId': [2740651], 'sort': 0, 'updatedAt': 1723023133206, 'updatedUser': 'nickjin'}]","[102, 55, 0]","[70, 20, 0, 0]","[9, 31, 0, 0]","1713515848286","66222d48554108f0635303b9","1763042701290","{""bigrank"": ""8"", ""camp_type"": ""1"", ""main_heroid"": 99, ""match_type"": ""1"", ""win_rate"": [{""app_rate"": 0.001, ""ban_rate"": 0.00085, ""date"": ""2025-11-12"", ""win_rate"": 0.491096}, {""app_rate"": 0.00103, ""ban_rate"": 0.000852, ""date"": ""2025-11-11"", ""win_rate"": 0.493715}, {""app_rate"": 0.001074, ""ban_rate"": 0.000866, ""date"": ""2025-11-10"", ""win_rate"": 0.496579}, {""app_rate"": 0.001148, ""ban_rate"": 0.00086, ""date"": ""2025-11-09"", ""win_rate"": 0.4974}, {""app_rate"": 0.001055, ""ban_rate"": 0.000845, ""date"": ""2025-11-08"", ""win_rate"": 0.498402}, {""app_rate"": 0.000991, ""ban_rate"": 0.000827, ""date"": ""2025-11-07"", ""win_rate"": 0.499193}, {""app_rate"": 0.000952, ""ban_rate"": 0.00081, ""date"": ""2025-11-06"", ""win_rate"": 0.498591}]}","2674709","2025-11-13"
"98","Khaleed","[{'_id': '6685424caa8e7f6ec4703d97', 'caption': '经验路', 'configId': 144237, 'createdAt': 1720009292257, 'createdUser': 'nickjin', 'data': {'_object': 2732073, 'road_sort_icon': 'https://akmweb.youngjoygame.com/web/gms/image/6a246099f7eb83a8856306d8b4c84fc2.svg', 'road_sort_id': '1', 'road_sort_title': 'Exp Lane'}, 'dynamic': None, 'id': 2732085, 'linkId': [2732073], 'sort': 0, 'updatedAt': 1723022932111, 'updatedUser': 'nickjin'}, {'_id': '66854202aa8e7f6ec4703d8f', 'caption': '辅助', 'configId': 144237, 'createdAt': 1720009218480, 'createdUser': 'nickjin', 'data': {'_object': 2732073, 'road_sort_icon': 'https://akmweb.youngjoygame.com/web/gms/image/a3dbb075b4d8186c29f02f7d47da236a.svg', 'road_sort_id': '3', 'road_sort_title': 'Roam'}, 'dynamic': None, 'id': 2732083, 'linkId': [2732073], 'sort': 0, 'updatedAt': 1723022949109, 'updatedUser': 'nickjin'}]","https://akmweb.youngjoygame.com/web/svnres/img/mlbb/homepage/100_216ea76d9188164c58950885b3962ba1.png","[{'_id': '6698bfe8613093b976b4a96c', 'caption': '2战士', 'configId': 144237, 'createdAt': 1721286632237, 'createdUser': 'nickjin', 'data': {'_object': 2740651, 'sort_icon': 'https://akmweb.youngjoygame.com/web/gms/image/629e282165d4b63deceaf350426ea440.png', 'sort_id': '2', 'sort_title': 'fighter'}, 'dynamic': None, 'id': 2740659, 'linkId': [2740651], 'sort': 0, 'updatedAt': 1723023133206, 'updatedUser': 'nickjin'}, '']","[39, 8, 0]","[33, 115, 0, 0]","[83, 26, 0, 0]","1713515848286","66222d49554108f0635318f6","1763042701290","{""bigrank"": ""8"", ""camp_type"": ""1"", ""main_heroid"": 98, ""match_type"": ""1"", ""win_rate"": [{""app_rate"": 0.003427, ""ban_rate"": 0.012167, ""date"": ""2025-11-12"", ""win_rate"": 0.517685}, {""app_rate"": 0.003481, ""ban_rate"": 0.012516, ""date"": ""2025-11-11"", ""win_rate"": 0.516785}, {""app_rate"": 0.003542, ""ban_rate"": 0.013343, ""date"": ""2025-11-10"", ""win_rate"": 0.515311}, {""app_rate"": 0.003624, ""ban_rate"": 0.013868, ""date"": ""2025-11-09"", ""win_rate"": 0.514945}, {""app_rate"": 0.003612, ""ban_rate"": 0.014137, ""date"": ""2025-11-08"", ""win_rate"": 0.514716}, {""app_rate"": 0.003605, ""ban_rate"": 0.014228, ""date"": ""2025-11-07"", ""win_rate"": 0.51479}, {""app_rate"": 0.0036, ""ban_rate"": 0.014264, ""date"": ""2025-11-06"", ""win_rate"": 0.515083}]}","2674709","2025-11-13"
"97","Benedetta","[{'_id': '6685424caa8e7f6ec4703d97', 'caption': '经验路', 'configId': 144237, 'createdAt': 1720009292257, 'createdUser': 'nickjin', 'data': {'_object': 2732073, 'road_sort_icon': 'https://akmweb.youngjoygame.com/web/gms/image/6a246099f7eb83a8856306d8b4c84fc2.svg', 'road_sort_id': '1', 'road_sort_title': 'Exp Lane'}, 'dynamic': None, 'id': 2732085, 'linkId': [2732073], 'sort': 0, 'updatedAt': 1723022932111, 'updatedUser': 'nickjin'}, '']","https://akmweb.youngjoygame.com/web/svnres/img/mlbb/homepage/100_eceefa7ba07f093d71a30852f0051b7a.png","[{'_id': '6698bffd613093b976b4a970', 'caption': '3刺客', 'configId': 144237, 'createdAt': 1721286653803, 'createdUser': 'nickjin', 'data': {'_object': 2740651, 'sort_icon': 'https://akmweb.youngjoygame.com/web/gms/image/d0b8b65a47fc43dc7bb2bac447072fd2.png', 'sort_id': '3', 'sort_title': 'assassin'}, 'dynamic': None, 'id': 2740661, 'linkId': [2740651], 'sort': 0, 'updatedAt': 1723023131050, 'updatedUser': 'nickjin'}, {'_id': '6698bfe8613093b976b4a96c', 'caption': '2战士', 'configId': 144237, 'createdAt': 1721286632237, 'createdUser': 'nickjin', 'data': {'_object': 2740651, 'sort_icon': 'https://akmweb.youngjoygame.com/web/gms/image/629e282165d4b63deceaf350426ea440.png', 'sort_id': '2', 'sort_title': 'fighter'}, 'dynamic': None, 'id': 2740659, 'linkId': [2740651], 'sort': 0, 'updatedAt': 1723023133206, 'updatedUser': 'nickjin'}]","[32, 41, 0]","[54, 80, 0, 0]","[74, 106, 0, 0]","1713515848286","66222d49554108f06353192a","1763042701290","{""bigrank"": ""8"", ""camp_type"": ""1"", ""main_heroid"": 97, ""match_type"": ""1"", ""win_rate"": [{""app_rate"": 0.006398, ""ban_rate"": 0.011997, ""date"": ""2025-11-12"", ""win_rate"": 0.492603}, {""app_rate"": 0.006486, ""ban_rate"": 0.012254, ""date"": ""2025-11-11"", ""win_rate"": 0.493242}, {""app_rate"": 0.006654, ""ban_rate"": 0.012767, ""date"": ""2025-11-10"", ""win_rate"": 0.492814}, {""app_rate"": 0.006812, ""ban_rate"": 0.01323, ""date"": ""2025-11-09"", ""win_rate"": 0.491007}, {""app_rate"": 0.006822, ""ban_rate"": 0.013606, ""date"": ""2025-11-08"", ""win_rate"": 0.491708}, {""app_rate"": 0.006868, ""ban_rate"": 0.014075, ""date"": ""2025-11-07"", ""win_rate"": 0.491731}, {""app_rate"": 0.006961, ""ban_rate"": 0.014657, ""date"": ""2025-11-06"", ""win_rate"": 0.49192}]}","2674709","2025-11-13"
"96","Luo Yi","[{'_id': '66854225aa8e7f6ec4703d93', 'caption': '中路', 'configId': 144237, 'createdAt': 1720009253985, 'createdUser': 'nickjin', 'data': {'_object': 2732073, 'road_sort_icon': 'https://akmweb.youngjoygame.com/web/gms/image/facab1eacb218d767b5acb80304bfafd.svg', 'road_sort_id': '2', 'road_sort_title': 'Mid Lane'}, 'dynamic': None, 'id': 2732084, 'linkId': [2732073], 'sort': 0, 'updatedAt': 1723022943932, 'updatedUser': 'nickjin'}, '']","https://akmweb.youngjoygame.com/web/svnres/img/mlbb/homepage/100_74fe63bd31cc092aed923543a115b7bd.png","[{'_id': '6698c015613093b976b4a974', 'caption': '4法师', 'configId': 144237, 'createdAt': 1721286677393, 'createdUser': 'nickjin', 'data': {'_object': 2740651, 'sort_icon': 'https://akmweb.youngjoygame.com/web/gms/image/1c6985dd0caec2028ccb6d1b8ca95e0f.png', 'sort_id': '4', 'sort_title': 'mage'}, 'dynamic': None, 'id': 2740663, 'linkId': [2740651], 'sort': 0, 'updatedAt': 1723023128824, 'updatedUser': 'nickjin'}, '']","[109, 8, 0]","[15, 23, 0, 0]","[59, 117, 0, 0]","1713515848286","66222d48554108f06353059d","1763042701290","{""bigrank"": ""8"", ""camp_type"": ""1"", ""main_heroid"": 96, ""match_type"": ""1"", ""win_rate"": [{""app_rate"": 0.002554, ""ban_rate"": 0.000767, ""date"": ""2025-11-12"", ""win_rate"": 0.47391}, {""app_rate"": 0.002624, ""ban_rate"": 0.000775, ""date"": ""2025-11-11"", ""win_rate"": 0.47391}, {""app_rate"": 0.002762, ""ban_rate"": 0.000793, ""date"": ""2025-11-10"", ""win_rate"": 0.472736}, {""app_rate"": 0.00294, ""ban_rate"": 0.000803, ""date"": ""2025-11-09"", ""win_rate"": 0.472121}, {""app_rate"": 0.002813, ""ban_rate"": 0.000771, ""date"": ""2025-11-08"", ""win_rate"": 0.473058}, {""app_rate"": 0.002719, ""ban_rate"": 0.000744, ""date"": ""2025-11-07"", ""win_rate"": 0.473509}, {""app_rate"": 0.002646, ""ban_rate"": 0.000724, ""date"": ""2025-11-06"", ""win_rate"": 0.474137}]}","2674709","2025-11-13"
"95","Yu Zhong","[{'_id': '6685424caa8e7f6ec4703d97', 'caption': '经验路', 'configId': 144237, 'createdAt': 1720009292257, 'createdUser': 'nickjin', 'data': {'_object': 2732073, 'road_sort_icon': 'https://akmweb.youngjoygame.com/web/gms/image/6a246099f7eb83a8856306d8b4c84fc2.svg', 'road_sort_id': '1', 'road_sort_title': 'Exp Lane'}, 'dynamic': None, 'id': 2732085, 'linkId': [2732073], 'sort': 0, 'updatedAt': 1723022932111, 'updatedUser': 'nickjin'}, '']","https://akmweb.youngjoygame.com/web/svnres/img/mlbb/homepage_92/100_7d5ad4d511f5257137028f19e9ee973f.png","[{'_id': '6698bfe8613093b976b4a96c', 'caption': '2战士', 'configId': 144237, 'createdAt': 1721286632237, 'createdUser': 'nickjin', 'data': {'_object': 2740651, 'sort_icon': 'https://akmweb.youngjoygame.com/web/gms/image/629e282165d4b63deceaf350426ea440.png', 'sort_id': '2', 'sort_title': 'fighter'}, 'dynamic': None, 'id': 2740659, 'linkId': [2740651], 'sort': 0, 'updatedAt': 1723023133206, 'updatedUser': 'nickjin'}, '']","[38, 115, 0]","[108, 16, 0, 0]","[53, 40, 0, 0]","1713515848286","66222d48554108f063530751","1763042701290","{""bigrank"": ""8"", ""camp_type"": ""1"", ""main_heroid"": 95, ""match_type"": ""1"", ""win_rate"": [{""app_rate"": 0.010068, ""ban_rate"": 0.030386, ""date"": ""2025-11-12"", ""win_rate"": 0.50287}, {""app_rate"": 0.010034, ""ban_rate"": 0.029988, ""date"": ""2025-11-11"", ""win_rate"": 0.503737}, {""app_rate"": 0.010074, ""ban_rate"": 0.029982, ""date"": ""2025-11-10"", ""win_rate"": 0.503807}, {""app_rate"": 0.01005, ""ban_rate"": 0.029973, ""date"": ""2025-11-09"", ""win_rate"": 0.504514}, {""app_rate"": 0.010185, ""ban_rate"": 0.029375, ""date"": ""2025-11-08"", ""win_rate"": 0.504451}, {""app_rate"": 0.010241, ""ban_rate"": 0.028687, ""date"": ""2025-11-07"", ""win_rate"": 0.504865}, {""app_rate"": 0.010226, ""ban_rate"": 0.028077, ""date"": ""2025-11-06"", ""win_rate"": 0.505299}]}","2674709","2025-11-13"
"94","Popol and Kupa","[{'_id': '668541caaa8e7f6ec4703d8a', 'caption': '打野', 'configId': 144237, 'createdAt': 1720009162509, 'createdUser': 'nickjin', 'data': {'_object': 2732073, 'road_sort_icon': 'https://akmweb.youngjoygame.com/web/gms/image/de611167c7310681135f0b4198137bfa.svg', 'road_sort_id': '4', 'road_sort_title': 'Jungle'}, 'dynamic': None, 'id': 2732080, 'linkId': [2732073], 'sort': 0, 'updatedAt': 1723022951463, 'updatedUser': 'nickjin'}, {'_id': '668541a2aa8e7f6ec4703d86', 'caption': '金币路', 'configId': 144237, 'createdAt': 1720009122589, 'createdUser': 'nickjin', 'data': {'_object': 2732073, 'road_sort_icon': 'https://akmweb.youngjoygame.com/web/gms/image/91f817c656908a83c2e24eecb3b70986.svg', 'road_sort_id': '5', 'road_sort_title': 'Gold Lane'}, 'dynamic': None, 'id': 2732079, 'linkId': [2732073], 'sort': 0, 'updatedAt': 1723022953428, 'updatedUser': 'nickjin'}]","https://akmweb.youngjoygame.com/web/svnres/img/mlbb/homepage_2_1_18_2/100_30e98c9005e54b1625712892560ad9ab.png","[{'_id': '6698c04f613093b976b4a978', 'caption': '5射手', 'configId': 144237, 'createdAt': 1721286735503, 'createdUser': 'nickjin', 'data': {'_object': 2740651, 'sort_icon': 'https://akmweb.youngjoygame.com/web/gms/image/025c69a764924f4bac526a2662f1a0b9.png', 'sort_id': '5', 'sort_title': 'Marksman'}, 'dynamic': None, 'id': 2740665, 'linkId': [2740651], 'sort': 0, 'updatedAt': 1723023126452, 'updatedUser': 'nickjin'}, '']","[28, 98, 0]","[53, 100, 0, 0]","[56, 8, 0, 0]","1713515848286","66222d48554108f063530589","1763042701290","{""bigrank"": ""8"", ""camp_type"": ""1"", ""main_heroid"": 94, ""match_type"": ""1"", ""win_rate"": [{""app_rate"": 0.003438, ""ban_rate"": 0.002132, ""date"": ""2025-11-12"", ""win_rate"": 0.540344}, {""app_rate"": 0.003389, ""ban_rate"": 0.002109, ""date"": ""2025-11-11"", ""win_rate"": 0.540927}, {""app_rate"": 0.003338, ""ban_rate"": 0.002116, ""date"": ""2025-11-10"", ""win_rate"": 0.540048}, {""app_rate"": 0.003299, ""ban_rate"": 0.002086, ""date"": ""2025-11-09"", ""win_rate"": 0.54101}, {""app_rate"": 0.00328, ""ban_rate"": 0.002046, ""date"": ""2025-11-08"", ""win_rate"": 0.540463}, {""app_rate"": 0.003248, ""ban_rate"": 0.002009, ""date"": ""2025-11-07"", ""win_rate"": 0.540038}, {""app_rate"": 0.003235, ""ban_rate"": 0.001975, ""date"": ""2025-11-06"", ""win_rate"": 0.540254}]}","2674709","2025-11-13"
"93","Atlas","[{'_id': '66854202aa8e7f6ec4703d8f', 'caption': '辅助', 'configId': 144237, 'createdAt': 1720009218480, 'createdUser': 'nickjin', 'data': {'_object': 2732073, 'road_sort_icon': 'https://akmweb.youngjoygame.com/web/gms/image/a3dbb075b4d8186c29f02f7d47da236a.svg', 'road_sort_id': '3', 'road_sort_title': 'Roam'}, 'dynamic': None, 'id': 2732083, 'linkId': [2732073], 'sort': 0, 'updatedAt': 1723022949109, 'updatedUser': 'nickjin'}, '']","https://akmweb.youngjoygame.com/web/svnres/img/mlbb/homepage_2_1_18_2/100_0dc01e8286bc92e5be3a3503dd47229c.png","[{'_id': '6698bfbc613093b976b4a949', 'caption': '1坦克', 'configId': 144237, 'createdAt': 1721286588147, 'createdUser': 'nickjin', 'data': {'_object': 2740651, 'sort_icon': 'https://akmweb.youngjoygame.com/web/gms/image/60638c59536d9505c9c731af13f7fdfd.png', 'sort_id': '1', 'sort_title': 'tank'}, 'dynamic': None, 'id': 2740657, 'linkId': [2740651], 'sort': 0, 'updatedAt': 1723023135175, 'updatedUser': 'nickjin'}, '']","[66, 121, 0]","[38, 15, 0, 0]","[57, 31, 0, 0]","1713515848286","66222d49554108f063531956","1763042701290","{""bigrank"": ""8"", ""camp_type"": ""1"", ""main_heroid"": 93, ""match_type"": ""1"", ""win_rate"": [{""app_rate"": 0.005216, ""ban_rate"": 0.014169, ""date"": ""2025-11-12"", ""win_rate"": 0.518256}, {""app_rate"": 0.00519, ""ban_rate"": 0.014163, ""date"": ""2025-11-11"", ""win_rate"": 0.517051}, {""app_rate"": 0.005224, ""ban_rate"": 0.01447, ""date"": ""2025-11-10"", ""win_rate"": 0.516242}, {""app_rate"": 0.005237, ""ban_rate"": 0.014707, ""date"": ""2025-11-09"", ""win_rate"": 0.515929}, {""app_rate"": 0.005326, ""ban_rate"": 0.014758, ""date"": ""2025-11-08"", ""win_rate"": 0.515194}, {""app_rate"": 0.005374, ""ban_rate"": 0.014726, ""date"": ""2025-11-07"", ""win_rate"": 0.514834}, {""app_rate"": 0.005426, ""ban_rate"": 0.014692, ""date"": ""2025-11-06"", ""win_rate"": 0.51437}]}","2674709","2025-11-13"
"92","Carmilla","[{'_id': '66854202aa8e7f6ec4703d8f', 'caption': '辅助', 'configId': 144237, 'createdAt': 1720009218480, 'createdUser': 'nickjin', 'data': {'_object': 2732073, 'road_sort_icon': 'https://akmweb.youngjoygame.com/web/gms/image/a3dbb075b4d8186c29f02f7d47da236a.svg', 'road_sort_id': '3', 'road_sort_title': 'Roam'}, 'dynamic': None, 'id': 2732083, 'linkId': [2732073], 'sort': 0, 'updatedAt': 1723022949109, 'updatedUser': 'nickjin'}, '']","https://akmweb.youngjoygame.com/web/svnres/img/mlbb/homepage/100_358d6ad9cff97fc3bfef8a2bd4acbadd.png","[{'_id': '6698c06a613093b976b4a97c', 'caption': '6辅助', 'configId': 144237, 'createdAt': 1721286762785, 'createdUser': 'nickjin', 'data': {'_object': 2740651, 'sort_icon': 'https://akmweb.youngjoygame.com/web/gms/image/1e4609b25a4cd63ee5a13015d4058159.png', 'sort_id': '6', 'sort_title': 'support'}, 'dynamic': None, 'id': 2740666, 'linkId': [2740651], 'sort': 0, 'updatedAt': 1723023113317, 'updatedUser': 'nickjin'}, {'_id': '6698bfbc613093b976b4a949', 'caption': '1坦克', 'configId': 144237, 'createdAt': 1721286588147, 'createdUser': 'nickjin', 'data': {'_object': 2740651, 'sort_icon': 'https://akmweb.youngjoygame.com/web/gms/image/60638c59536d9505c9c731af13f7fdfd.png', 'sort_id': '1', 'sort_title': 'tank'}, 'dynamic': None, 'id': 2740657, 'linkId': [2740651], 'sort': 0, 'updatedAt': 1723023135175, 'updatedUser': 'nickjin'}]","[91, 36, 0]","[85, 37, 0, 0]","[60, 89, 0, 0]","1713515848286","66222d49554108f063531897","1763042701290","{""bigrank"": ""8"", ""camp_type"": ""1"", ""main_heroid"": 92, ""match_type"": ""1"", ""win_rate"": [{""app_rate"": 0.005679, ""ban_rate"": 0.012919, ""date"": ""2025-11-12"", ""win_rate"": 0.508927}, {""app_rate"": 0.005718, ""ban_rate"": 0.012706, ""date"": ""2025-11-11"", ""win_rate"": 0.510045}, {""app_rate"": 0.005841, ""ban_rate"": 0.012888, ""date"": ""2025-11-10"", ""win_rate"": 0.509813}, {""app_rate"": 0.005954, ""ban_rate"": 0.012913, ""date"": ""2025-11-09"", ""win_rate"": 0.509328}, {""app_rate"": 0.006026, ""ban_rate"": 0.012768, ""date"": ""2025-11-08"", ""win_rate"": 0.509469}, {""app_rate"": 0.006052, ""ban_rate"": 0.01259, ""date"": ""2025-11-07"", ""win_rate"": 0.509482}, {""app_rate"": 0.006064, ""ban_rate"": 0.012452, ""date"": ""2025-11-06"", ""win_rate"": 0.509407}]}","2674709","2025-11-13"
"91","Cecilion","[{'_id': '66854225aa8e7f6ec4703d93', 'caption': '中路', 'configId': 144237, 'createdAt': 1720009253985, 'createdUser': 'nickjin', 'data': {'_object': 2732073, 'road_sort_icon': 'https://akmweb.youngjoygame.com/web/gms/image/facab1eacb218d767b5acb80304bfafd.svg', 'road_sort_id': '2', 'road_sort_title': 'Mid Lane'}, 'dynamic': None, 'id': 2732084, 'linkId': [2732073], 'sort': 0, 'updatedAt': 1723022943932, 'updatedUser': 'nickjin'}, '']","https://akmweb.youngjoygame.com/web/svnres/img/mlbb/homepage/100_af02ce891528cd3576858589d8d33d8d.png","[{'_id': '6698c015613093b976b4a974', 'caption': '4法师', 'configId': 144237, 'createdAt': 1721286677393, 'createdUser': 'nickjin', 'data': {'_object': 2740651, 'sort_icon': 'https://akmweb.youngjoygame.com/web/gms/image/1c6985dd0caec2028ccb6d1b8ca95e0f.png', 'sort_id': '4', 'sort_title': 'mage'}, 'dynamic': None, 'id': 2740663, 'linkId': [2740651], 'sort': 0, 'updatedAt': 1723023128824, 'updatedUser': 'nickjin'}, '']","[92, 19, 0]","[2, 82, 0, 0]","[84, 17, 0, 0]","1713515848286","66222d48554108f063530427","1763042701290","{""bigrank"": ""8"", ""camp_type"": ""1"", ""main_heroid"": 91, ""match_type"": ""1"", ""win_rate"": [{""app_rate"": 0.008691, ""ban_rate"": 0.002156, ""date"": ""2025-11-12"", ""win_rate"": 0.506827}, {""app_rate"": 0.008667, ""ban_rate"": 0.002166, ""date"": ""2025-11-11"", ""win_rate"": 0.506656}, {""app_rate"": 0.008645, ""ban_rate"": 0.002188, ""date"": ""2025-11-10"", ""win_rate"": 0.506967}, {""app_rate"": 0.008601, ""ban_rate"": 0.002196, ""date"": ""2025-11-09"", ""win_rate"": 0.507006}, {""app_rate"": 0.008633, ""ban_rate"": 0.002192, ""date"": ""2025-11-08"", ""win_rate"": 0.507128}, {""app_rate"": 0.00864, ""ban_rate"": 0.002162, ""date"": ""2025-11-07"", ""win_rate"": 0.507113}, {""app_rate"": 0.008642, ""ban_rate"": 0.002132, ""date"": ""2025-11-06"", ""win_rate"": 0.506923}]}","2674709","2025-11-13"
"90","Silvanna","[{'_id': '6685424caa8e7f6ec4703d97', 'caption': '经验路', 'configId': 144237, 'createdAt': 1720009292257, 'createdUser': 'nickjin', 'data': {'_object': 2732073, 'road_sort_icon': 'https://akmweb.youngjoygame.com/web/gms/image/6a246099f7eb83a8856306d8b4c84fc2.svg', 'road_sort_id': '1', 'road_sort_title': 'Exp Lane'}, 'dynamic': None, 'id': 2732085, 'linkId': [2732073], 'sort': 0, 'updatedAt': 1723022932111, 'updatedUser': 'nickjin'}, '']","https://akmweb.youngjoygame.com/web/svnres/img/mlbb/homepage/100_fe98dd2e19bb6c29591763d1d11a3eb7.png","[{'_id': '6698bfe8613093b976b4a96c', 'caption': '2战士', 'configId': 144237, 'createdAt': 1721286632237, 'createdUser': 'nickjin', 'data': {'_object': 2740651, 'sort_icon': 'https://akmweb.youngjoygame.com/web/gms/image/629e282165d4b63deceaf350426ea440.png', 'sort_id': '2', 'sort_title': 'fighter'}, 'dynamic': None, 'id': 2740659, 'linkId': [2740651], 'sort': 0, 'updatedAt': 1723023133206, 'updatedUser': 'nickjin'}, '']","[93, 6, 0]","[18, 57, 0, 0]","[58, 0, 0, 0]","1713515848286","66222d48554108f06353049a","1763042701290","{""bigrank"": ""8"", ""camp_type"": ""1"", ""main_heroid"": 90, ""match_type"": ""1"", ""win_rate"": [{""app_rate"": 0.011174, ""ban_rate"": 0.012794, ""date"": ""2025-11-12"", ""win_rate"": 0.538231}, {""app_rate"": 0.011024, ""ban_rate"": 0.012513, ""date"": ""2025-11-11"", ""win_rate"": 0.538157}, {""app_rate"": 0.010874, ""ban_rate"": 0.012341, ""date"": ""2025-11-10"", ""win_rate"": 0.538373}, {""app_rate"": 0.010749, ""ban_rate"": 0.012184, ""date"": ""2025-11-09"", ""win_rate"": 0.538194}, {""app_rate"": 0.010671, ""ban_rate"": 0.012015, ""date"": ""2025-11-08"", ""win_rate"": 0.538188}, {""app_rate"": 0.010589, ""ban_rate"": 0.011842, ""date"": ""2025-11-07"", ""win_rate"": 0.538169}, {""app_rate"": 0.010566, ""ban_rate"": 0.011693, ""date"": ""2025-11-06"", ""win_rate"": 0.538378}]}","2674709","2025-11-13"
"89","Wanwan","[{'_id': '668541a2aa8e7f6ec4703d86', 'caption': '金币路', 'configId': 144237, 'createdAt': 1720009122589, 'createdUser': 'nickjin', 'data': {'_object': 2732073, 'road_sort_icon': 'https://akmweb.youngjoygame.com/web/gms/image/91f817c656908a83c2e24eecb3b70986.svg', 'road_sort_id': '5', 'road_sort_title': 'Gold Lane'}, 'dynamic': None, 'id': 2732079, 'linkId': [2732073], 'sort': 0, 'updatedAt': 1723022953428, 'updatedUser': 'nickjin'}, '']","https://akmweb.youngjoygame.com/web/svnres/img/mlbb/homepage_1_9_47/100_c042bfb106853182a8c38ae5386ceb77.png","[{'_id': '6698c04f613093b976b4a978', 'caption': '5射手', 'configId': 144237, 'createdAt': 1721286735503, 'createdUser': 'nickjin', 'data': {'_object': 2740651, 'sort_icon': 'https://akmweb.youngjoygame.com/web/gms/image/025c69a764924f4bac526a2662f1a0b9.png', 'sort_id': '5', 'sort_title': 'Marksman'}, 'dynamic': None, 'id': 2740665, 'linkId': [2740651], 'sort': 0, 'updatedAt': 1723023126452, 'updatedUser': 'nickjin'}, '']","[10, 70, 0]","[117, 96, 0, 0]","[47, 23, 0, 0]","1713515848286","66222d49554108f06353192d","1763042701290","{""bigrank"": ""8"", ""camp_type"": ""1"", ""main_heroid"": 89, ""match_type"": ""1"", ""win_rate"": [{""app_rate"": 0.003558, ""ban_rate"": 0.049392, ""date"": ""2025-11-12"", ""win_rate"": 0.492522}, {""app_rate"": 0.003587, ""ban_rate"": 0.050094, ""date"": ""2025-11-11"", ""win_rate"": 0.493696}, {""app_rate"": 0.003631, ""ban_rate"": 0.050383, ""date"": ""2025-11-10"", ""win_rate"": 0.492528}, {""app_rate"": 0.003699, ""ban_rate"": 0.051431, ""date"": ""2025-11-09"", ""win_rate"": 0.493794}, {""app_rate"": 0.003693, ""ban_rate"": 0.052238, ""date"": ""2025-11-08"", ""win_rate"": 0.493658}, {""app_rate"": 0.003681, ""ban_rate"": 0.052929, ""date"": ""2025-11-07"", ""win_rate"": 0.494122}, {""app_rate"": 0.003679, ""ban_rate"": 0.053843, ""date"": ""2025-11-06"", ""win_rate"": 0.494536}]}","2674709","2025-11-13"
"88","Masha","[{'_id': '6685424caa8e7f6ec4703d97', 'caption': '经验路', 'configId': 144237, 'createdAt': 1720009292257, 'createdUser': 'nickjin', 'data': {'_object': 2732073, 'road_sort_icon': 'https://akmweb.youngjoygame.com/web/gms/image/6a246099f7eb83a8856306d8b4c84fc2.svg', 'road_sort_id': '1', 'road_sort_title': 'Exp Lane'}, 'dynamic': None, 'id': 2732085, 'linkId': [2732073], 'sort': 0, 'updatedAt': 1723022932111, 'updatedUser': 'nickjin'}, '']","https://akmweb.youngjoygame.com/web/svnres/img/mlbb/homepage/100_6fcd3a37b34ea16ca6b485b88220e400.png","[{'_id': '6698bfe8613093b976b4a96c', 'caption': '2战士', 'configId': 144237, 'createdAt': 1721286632237, 'createdUser': 'nickjin', 'data': {'_object': 2740651, 'sort_icon': 'https://akmweb.youngjoygame.com/web/gms/image/629e282165d4b63deceaf350426ea440.png', 'sort_id': '2', 'sort_title': 'fighter'}, 'dynamic': None, 'id': 2740659, 'linkId': [2740651], 'sort': 0, 'updatedAt': 1723023133206, 'updatedUser': 'nickjin'}, {'_id': '6698bfbc613093b976b4a949', 'caption': '1坦克', 'configId': 144237, 'createdAt': 1721286588147, 'createdUser': 'nickjin', 'data': {'_object': 2740651, 'sort_icon': 'https://akmweb.youngjoygame.com/web/gms/image/60638c59536d9505c9c731af13f7fdfd.png', 'sort_id': '1', 'sort_title': 'tank'}, 'dynamic': None, 'id': 2740657, 'linkId': [2740651], 'sort': 0, 'updatedAt': 1723023135175, 'updatedUser': 'nickjin'}]","[55, 14, 0]","[121, 18, 0, 0]","[123, 72, 0, 0]","1713515848286","66222d48554108f0635306ce","1763042701290","{""bigrank"": ""8"", ""camp_type"": ""1"", ""main_heroid"": 88, ""match_type"": ""1"", ""win_rate"": [{""app_rate"": 0.00081, ""ban_rate"": 0.001117, ""date"": ""2025-11-12"", ""win_rate"": 0.555113}, {""app_rate"": 0.000812, ""ban_rate"": 0.00115, ""date"": ""2025-11-11"", ""win_rate"": 0.55418}, {""app_rate"": 0.000818, ""ban_rate"": 0.001181, ""date"": ""2025-11-10"", ""win_rate"": 0.553985}, {""app_rate"": 0.000823, ""ban_rate"": 0.001193, ""date"": ""2025-11-09"", ""win_rate"": 0.554161}, {""app_rate"": 0.000837, ""ban_rate"": 0.001215, ""date"": ""2025-11-08"", ""win_rate"": 0.55493}, {""app_rate"": 0.000847, ""ban_rate"": 0.00122, ""date"": ""2025-11-07"", ""win_rate"": 0.555225}, {""app_rate"": 0.000849, ""ban_rate"": 0.001216, ""date"": ""2025-11-06"", ""win_rate"": 0.556063}]}","2674709","2025-11-13"
"87","Baxia","[{'_id': '668541caaa8e7f6ec4703d8a', 'caption': '打野', 'configId': 144237, 'createdAt': 1720009162509, 'createdUser': 'nickjin', 'data': {'_object': 2732073, 'road_sort_icon': 'https://akmweb.youngjoygame.com/web/gms/image/de611167c7310681135f0b4198137bfa.svg', 'road_sort_id': '4', 'road_sort_title': 'Jungle'}, 'dynamic': None, 'id': 2732080, 'linkId': [2732073], 'sort': 0, 'updatedAt': 1723022951463, 'updatedUser': 'nickjin'}, '']","https://akmweb.youngjoygame.com/web/svnres/img/mlbb/homepage/100_ae43a252fda0fe996322ea8d27a6fe69.png","[{'_id': '6698bfbc613093b976b4a949', 'caption': '1坦克', 'configId': 144237, 'createdAt': 1721286588147, 'createdUser': 'nickjin', 'data': {'_object': 2740651, 'sort_icon': 'https://akmweb.youngjoygame.com/web/gms/image/60638c59536d9505c9c731af13f7fdfd.png', 'sort_id': '1', 'sort_title': 'tank'}, 'dynamic': None, 'id': 2740657, 'linkId': [2740651], 'sort': 0, 'updatedAt': 1723023135175, 'updatedUser': 'nickjin'}, '']","[72, 28, 0]","[61, 90, 0, 0]","[40, 53, 0, 0]","1713515848286","66222d49554108f063531812","1763042701290","{""bigrank"": ""8"", ""camp_type"": ""1"", ""main_heroid"": 87, ""match_type"": ""1"", ""win_rate"": [{""app_rate"": 0.001946, ""ban_rate"": 0.003361, ""date"": ""2025-11-12"", ""win_rate"": 0.503747}, {""app_rate"": 0.00195, ""ban_rate"": 0.003409, ""date"": ""2025-11-11"", ""win_rate"": 0.501845}, {""app_rate"": 0.00194, ""ban_rate"": 0.003438, ""date"": ""2025-11-10"", ""win_rate"": 0.500351}, {""app_rate"": 0.001941, ""ban_rate"": 0.003474, ""date"": ""2025-11-09"", ""win_rate"": 0.501701}, {""app_rate"": 0.001976, ""ban_rate"": 0.003576, ""date"": ""2025-11-08"", ""win_rate"": 0.501781}, {""app_rate"": 0.001992, ""ban_rate"": 0.003629, ""date"": ""2025-11-07"", ""win_rate"": 0.502322}, {""app_rate"": 0.002009, ""ban_rate"": 0.003631, ""date"": ""2025-11-06"", ""win_rate"": 0.50316}]}","2674709","2025-11-13"
"86","Lylia","[{'_id': '66854225aa8e7f6ec4703d93', 'caption': '中路', 'configId': 144237, 'createdAt': 1720009253985, 'createdUser': 'nickjin', 'data': {'_object': 2732073, 'road_sort_icon': 'https://akmweb.youngjoygame.com/web/gms/image/facab1eacb218d767b5acb80304bfafd.svg', 'road_sort_id': '2', 'road_sort_title': 'Mid Lane'}, 'dynamic': None, 'id': 2732084, 'linkId': [2732073], 'sort': 0, 'updatedAt': 1723022943932, 'updatedUser': 'nickjin'}, '']","https://akmweb.youngjoygame.com/web/svnres/img/mlbb/homepage_2_1_18_2/100_5814b1901de2d5713e04b47e36d305e0.png","[{'_id': '6698c015613093b976b4a974', 'caption': '4法师', 'configId': 144237, 'createdAt': 1721286677393, 'createdUser': 'nickjin', 'data': {'_object': 2740651, 'sort_icon': 'https://akmweb.youngjoygame.com/web/gms/image/1c6985dd0caec2028ccb6d1b8ca95e0f.png', 'sort_id': '4', 'sort_title': 'mage'}, 'dynamic': None, 'id': 2740663, 'linkId': [2740651], 'sort': 0, 'updatedAt': 1723023128824, 'updatedUser': 'nickjin'}, '']","[19, 10, 0]","[92, 49, 0, 0]","[122, 84, 0, 0]","1713515848286","66222d49554108f0635318d3","1763042701290","{""bigrank"": ""8"", ""camp_type"": ""1"", ""main_heroid"": 86, ""match_type"": ""1"", ""win_rate"": [{""app_rate"": 0.003491, ""ban_rate"": 0.001317, ""date"": ""2025-11-12"", ""win_rate"": 0.48931}, {""app_rate"": 0.00349, ""ban_rate"": 0.001303, ""date"": ""2025-11-11"", ""win_rate"": 0.491197}, {""app_rate"": 0.003548, ""ban_rate"": 0.001324, ""date"": ""2025-11-10"", ""win_rate"": 0.490427}, {""app_rate"": 0.003571, ""ban_rate"": 0.001317, ""date"": ""2025-11-09"", ""win_rate"": 0.490866}, {""app_rate"": 0.00361, ""ban_rate"": 0.001308, ""date"": ""2025-11-08"", ""win_rate"": 0.490854}, {""app_rate"": 0.003594, ""ban_rate"": 0.001291, ""date"": ""2025-11-07"", ""win_rate"": 0.490618}, {""app_rate"": 0.003548, ""ban_rate"": 0.001265, ""date"": ""2025-11-06"", ""win_rate"": 0.490281}]}","2674709","2025-11-13"
"85","Dyrroth","[{'_id': '6685424caa8e7f6ec4703d97', 'caption': '经验路', 'configId': 144237, 'createdAt': 1720009292257, 'createdUser': 'nickjin', 'data': {'_object': 2732073, 'road_sort_icon': 'https://akmweb.youngjoygame.com/web/gms/image/6a246099f7eb83a8856306d8b4c84fc2.svg', 'road_sort_id': '1', 'road_sort_title': 'Exp Lane'}, 'dynamic': None, 'id': 2732085, 'linkId': [2732073], 'sort': 0, 'updatedAt': 1723022932111, 'updatedUser': 'nickjin'}, {'_id': '668541caaa8e7f6ec4703d8a', 'caption': '打野', 'configId': 144237, 'createdAt': 1720009162509, 'createdUser': 'nickjin', 'data': {'_object': 2732073, 'road_sort_icon': 'https://akmweb.youngjoygame.com/web/gms/image/de611167c7310681135f0b4198137bfa.svg', 'road_sort_id': '4', 'road_sort_title': 'Jungle'}, 'dynamic': None, 'id': 2732080, 'linkId': [2732073], 'sort': 0, 'updatedAt': 1723022951463, 'updatedUser': 'nickjin'}]","https://akmweb.youngjoygame.com/web/svnres/img/mlbb/homepage_2_1_18/100_bf8dcb20923cee2407563e0fe88aa557.png","[{'_id': '6698bfe8613093b976b4a96c', 'caption': '2战士', 'configId': 144237, 'createdAt': 1721286632237, 'createdUser': 'nickjin', 'data': {'_object': 2740651, 'sort_icon': 'https://akmweb.youngjoygame.com/web/gms/image/629e282165d4b63deceaf350426ea440.png', 'sort_id': '2', 'sort_title': 'fighter'}, 'dynamic': None, 'id': 2740659, 'linkId': [2740651], 'sort': 0, 'updatedAt': 1723023133206, 'updatedUser': 'nickjin'}, '']","[10, 62, 0]","[23, 60, 0, 0]","[38, 70, 0, 0]","1713515848286","66222d49554108f0635318ed","1763042701290","{""bigrank"": ""8"", ""camp_type"": ""1"", ""main_heroid"": 85, ""match_type"": ""1"", ""win_rate"": [{""app_rate"": 0.00546, ""ban_rate"": 0.003206, ""date"": ""2025-11-12"", ""win_rate"": 0.453624}, {""app_rate"": 0.005435, ""ban_rate"": 0.003177, ""date"": ""2025-11-11"", ""win_rate"": 0.454618}, {""app_rate"": 0.00544, ""ban_rate"": 0.003134, ""date"": ""2025-11-10"", ""win_rate"": 0.45396}, {""app_rate"": 0.005421, ""ban_rate"": 0.003134, ""date"": ""2025-11-09"", ""win_rate"": 0.453079}, {""app_rate"": 0.005384, ""ban_rate"": 0.003105, ""date"": ""2025-11-08"", ""win_rate"": 0.452891}, {""app_rate"": 0.005315, ""ban_rate"": 0.00306, ""date"": ""2025-11-07"", ""win_rate"": 0.453124}, {""app_rate"": 0.005223, ""ban_rate"": 0.003025, ""date"": ""2025-11-06"", ""win_rate"": 0.452829}]}","2674709","2025-11-13"
"84","Ling","[{'_id': '668541caaa8e7f6ec4703d8a', 'caption': '打野', 'configId': 144237, 'createdAt': 1720009162509, 'createdUser': 'nickjin', 'data': {'_object': 2732073, 'road_sort_icon': 'https://akmweb.youngjoygame.com/web/gms/image/de611167c7310681135f0b4198137bfa.svg', 'road_sort_id': '4', 'road_sort_title': 'Jungle'}, 'dynamic': None, 'id': 2732080, 'linkId': [2732073], 'sort': 0, 'updatedAt': 1723022951463, 'updatedUser': 'nickjin'}, '']","https://akmweb.youngjoygame.com/web/svnres/img/mlbb/homepage_92/100_4405561c38db556d9cdc6a57b8642e66.png","[{'_id': '6698bffd613093b976b4a970', 'caption': '3刺客', 'configId': 144237, 'createdAt': 1721286653803, 'createdUser': 'nickjin', 'data': {'_object': 2740651, 'sort_icon': 'https://akmweb.youngjoygame.com/web/gms/image/d0b8b65a47fc43dc7bb2bac447072fd2.png', 'sort_id': '3', 'sort_title': 'assassin'}, 'dynamic': None, 'id': 2740661, 'linkId': [2740651], 'sort': 0, 'updatedAt': 1723023131050, 'updatedUser': 'nickjin'}, '']","[55, 78, 0]","[18, 60, 0, 0]","[15, 54, 0, 0]","1713515848286","66222d49554108f063531a02","1763042701290","{""bigrank"": ""8"", ""camp_type"": ""1"", ""main_heroid"": 84, ""match_type"": ""1"", ""win_rate"": [{""app_rate"": 0.004749, ""ban_rate"": 0.005633, ""date"": ""2025-11-12"", ""win_rate"": 0.461259}, {""app_rate"": 0.0048, ""ban_rate"": 0.00556, ""date"": ""2025-11-11"", ""win_rate"": 0.461372}, {""app_rate"": 0.004783, ""ban_rate"": 0.005464, ""date"": ""2025-11-10"", ""win_rate"": 0.461915}, {""app_rate"": 0.004819, ""ban_rate"": 0.005362, ""date"": ""2025-11-09"", ""win_rate"": 0.461404}, {""app_rate"": 0.004797, ""ban_rate"": 0.005294, ""date"": ""2025-11-08"", ""win_rate"": 0.461544}, {""app_rate"": 0.004782, ""ban_rate"": 0.005222, ""date"": ""2025-11-07"", ""win_rate"": 0.462474}, {""app_rate"": 0.004767, ""ban_rate"": 0.005161, ""date"": ""2025-11-06"", ""win_rate"": 0.463282}]}","2674709","2025-11-13"
"83","X.Borg","[{'_id': '6685424caa8e7f6ec4703d97', 'caption': '经验路', 'configId': 144237, 'createdAt': 1720009292257, 'createdUser': 'nickjin', 'data': {'_object': 2732073, 'road_sort_icon': 'https://akmweb.youngjoygame.com/web/gms/image/6a246099f7eb83a8856306d8b4c84fc2.svg', 'road_sort_id': '1', 'road_sort_title': 'Exp Lane'}, 'dynamic': None, 'id': 2732085, 'linkId': [2732073], 'sort': 0, 'updatedAt': 1723022932111, 'updatedUser': 'nickjin'}, '']","https://akmweb.youngjoygame.com/web/svnres/img/mlbb/homepage_2_1_18_2/100_cc433460d0b2053a3d3a18b46462bfb2.png","[{'_id': '6698bfe8613093b976b4a96c', 'caption': '2战士', 'configId': 144237, 'createdAt': 1721286632237, 'createdUser': 'nickjin', 'data': {'_object': 2740651, 'sort_icon': 'https://akmweb.youngjoygame.com/web/gms/image/629e282165d4b63deceaf350426ea440.png', 'sort_id': '2', 'sort_title': 'fighter'}, 'dynamic': None, 'id': 2740659, 'linkId': [2740651], 'sort': 0, 'updatedAt': 1723023133206, 'updatedUser': 'nickjin'}, '']","[8, 58, 0]","[82, 108, 0, 0]","[58, 85, 0, 0]","1713515848286","66222d49554108f06353199e","1763042701290","{""bigrank"": ""8"", ""camp_type"": ""1"", ""main_heroid"": 83, ""match_type"": ""1"", ""win_rate"": [{""app_rate"": 0.012518, ""ban_rate"": 0.071625, ""date"": ""2025-11-12"", ""win_rate"": 0.516052}, {""app_rate"": 0.012397, ""ban_rate"": 0.069715, ""date"": ""2025-11-11"", ""win_rate"": 0.514708}, {""app_rate"": 0.012198, ""ban_rate"": 0.067797, ""date"": ""2025-11-10"", ""win_rate"": 0.515062}, {""app_rate"": 0.012041, ""ban_rate"": 0.066681, ""date"": ""2025-11-09"", ""win_rate"": 0.514926}, {""app_rate"": 0.011855, ""ban_rate"": 0.064339, ""date"": ""2025-11-08"", ""win_rate"": 0.514826}, {""app_rate"": 0.011704, ""ban_rate"": 0.062329, ""date"": ""2025-11-07"", ""win_rate"": 0.514725}, {""app_rate"": 0.011619, ""ban_rate"": 0.061006, ""date"": ""2025-11-06"", ""win_rate"": 0.514911}]}","2674709","2025-11-13"
"82","Terizla","[{'_id': '6685424caa8e7f6ec4703d97', 'caption': '经验路', 'configId': 144237, 'createdAt': 1720009292257, 'createdUser': 'nickjin', 'data': {'_object': 2732073, 'road_sort_icon': 'https://akmweb.youngjoygame.com/web/gms/image/6a246099f7eb83a8856306d8b4c84fc2.svg', 'road_sort_id': '1', 'road_sort_title': 'Exp Lane'}, 'dynamic': None, 'id': 2732085, 'linkId': [2732073], 'sort': 0, 'updatedAt': 1723022932111, 'updatedUser': 'nickjin'}, '']","https://akmweb.youngjoygame.com/web/svnres/img/mlbb/homepage/100_fcfbde52476bad8c8e67951240de854c.png","[{'_id': '6698bfe8613093b976b4a96c', 'caption': '2战士', 'configId': 144237, 'createdAt': 1721286632237, 'createdUser': 'nickjin', 'data': {'_object': 2740651, 'sort_icon': 'https://akmweb.youngjoygame.com/web/gms/image/629e282165d4b63deceaf350426ea440.png', 'sort_id': '2', 'sort_title': 'fighter'}, 'dynamic': None, 'id': 2740659, 'linkId': [2740651], 'sort': 0, 'updatedAt': 1723023133206, 'updatedUser': 'nickjin'}, {'_id': '6698bfbc613093b976b4a949', 'caption': '1坦克', 'configId': 144237, 'createdAt': 1721286588147, 'createdUser': 'nickjin', 'data': {'_object': 2740651, 'sort_icon': 'https://akmweb.youngjoygame.com/web/gms/image/60638c59536d9505c9c731af13f7fdfd.png', 'sort_id': '1', 'sort_title': 'tank'}, 'dynamic': None, 'id': 2740657, 'linkId': [2740651], 'sort': 0, 'updatedAt': 1723023135175, 'updatedUser': 'nickjin'}]","[41, 93, 0]","[16, 27, 0, 0]","[120, 53, 0, 0]","1713515848286","66222d49554108f063531a6d","1763042701290","{""bigrank"": ""8"", ""camp_type"": ""1"", ""main_heroid"": 82, ""match_type"": ""1"", ""win_rate"": [{""app_rate"": 0.004022, ""ban_rate"": 0.002345, ""date"": ""2025-11-12"", ""win_rate"": 0.525803}, {""app_rate"": 0.004025, ""ban_rate"": 0.002325, ""date"": ""2025-11-11"", ""win_rate"": 0.525584}, {""app_rate"": 0.004056, ""ban_rate"": 0.002308, ""date"": ""2025-11-10"", ""win_rate"": 0.525093}, {""app_rate"": 0.004119, ""ban_rate"": 0.002294, ""date"": ""2025-11-09"", ""win_rate"": 0.525089}, {""app_rate"": 0.004014, ""ban_rate"": 0.002248, ""date"": ""2025-11-08"", ""win_rate"": 0.525193}, {""app_rate"": 0.003938, ""ban_rate"": 0.002198, ""date"": ""2025-11-07"", ""win_rate"": 0.525544}, {""app_rate"": 0.00388, ""ban_rate"": 0.002155, ""date"": ""2025-11-06"", ""win_rate"": 0.525426}]}","2674709","2025-11-13"
"81","Esmeralda","[{'_id': '6685424caa8e7f6ec4703d97', 'caption': '经验路', 'configId': 144237, 'createdAt': 1720009292257, 'createdUser': 'nickjin', 'data': {'_object': 2732073, 'road_sort_icon': 'https://akmweb.youngjoygame.com/web/gms/image/6a246099f7eb83a8856306d8b4c84fc2.svg', 'road_sort_id': '1', 'road_sort_title': 'Exp Lane'}, 'dynamic': None, 'id': 2732085, 'linkId': [2732073], 'sort': 0, 'updatedAt': 1723022932111, 'updatedUser': 'nickjin'}, '']","https://akmweb.youngjoygame.com/web/svnres/img/mlbb/homepage/100_f684768281faab70dea48d06fb72979e.png","[{'_id': '6698bfbc613093b976b4a949', 'caption': '1坦克', 'configId': 144237, 'createdAt': 1721286588147, 'createdUser': 'nickjin', 'data': {'_object': 2740651, 'sort_icon': 'https://akmweb.youngjoygame.com/web/gms/image/60638c59536d9505c9c731af13f7fdfd.png', 'sort_id': '1', 'sort_title': 'tank'}, 'dynamic': None, 'id': 2740657, 'linkId': [2740651], 'sort': 0, 'updatedAt': 1723023135175, 'updatedUser': 'nickjin'}, {'_id': '6698c015613093b976b4a974', 'caption': '4法师', 'configId': 144237, 'createdAt': 1721286677393, 'createdUser': 'nickjin', 'data': {'_object': 2740651, 'sort_icon': 'https://akmweb.youngjoygame.com/web/gms/image/1c6985dd0caec2028ccb6d1b8ca95e0f.png', 'sort_id': '4', 'sort_title': 'mage'}, 'dynamic': None, 'id': 2740663, 'linkId': [2740651], 'sort': 0, 'updatedAt': 1723023128824, 'updatedUser': 'nickjin'}]","[93, 6, 0]","[9, 20, 0, 0]","[40, 53, 0, 0]","1713515848286","66222d48554108f0635304cc","1763042701290","{""bigrank"": ""8"", ""camp_type"": ""1"", ""main_heroid"": 81, ""match_type"": ""1"", ""win_rate"": [{""app_rate"": 0.008375, ""ban_rate"": 0.020118, ""date"": ""2025-11-12"", ""win_rate"": 0.458484}, {""app_rate"": 0.008442, ""ban_rate"": 0.020183, ""date"": ""2025-11-11"", ""win_rate"": 0.457961}, {""app_rate"": 0.008458, ""ban_rate"": 0.020432, ""date"": ""2025-11-10"", ""win_rate"": 0.458223}, {""app_rate"": 0.00844, ""ban_rate"": 0.020321, ""date"": ""2025-11-09"", ""win_rate"": 0.45913}, {""app_rate"": 0.008483, ""ban_rate"": 0.020326, ""date"": ""2025-11-08"", ""win_rate"": 0.459065}, {""app_rate"": 0.008488, ""ban_rate"": 0.020191, ""date"": ""2025-11-07"", ""win_rate"": 0.458995}, {""app_rate"": 0.00848, ""ban_rate"": 0.019969, ""date"": ""2025-11-06"", ""win_rate"": 0.459194}]}","2674709","2025-11-13"
"80","Guinevere","[{'_id': '6685424caa8e7f6ec4703d97', 'caption': '经验路', 'configId': 144237, 'createdAt': 1720009292257, 'createdUser': 'nickjin', 'data': {'_object': 2732073, 'road_sort_icon': 'https://akmweb.youngjoygame.com/web/gms/image/6a246099f7eb83a8856306d8b4c84fc2.svg', 'road_sort_id': '1', 'road_sort_title': 'Exp Lane'}, 'dynamic': None, 'id': 2732085, 'linkId': [2732073], 'sort': 0, 'updatedAt': 1723022932111, 'updatedUser': 'nickjin'}, '']","https://akmweb.youngjoygame.com/web/svnres/img/mlbb/homepage/100_a34258a6365097da09d9513b620bc14a.png","[{'_id': '6698bfe8613093b976b4a96c', 'caption': '2战士', 'configId': 144237, 'createdAt': 1721286632237, 'createdUser': 'nickjin', 'data': {'_object': 2740651, 'sort_icon': 'https://akmweb.youngjoygame.com/web/gms/image/629e282165d4b63deceaf350426ea440.png', 'sort_id': '2', 'sort_title': 'fighter'}, 'dynamic': None, 'id': 2740659, 'linkId': [2740651], 'sort': 0, 'updatedAt': 1723023133206, 'updatedUser': 'nickjin'}, '']","[10, 49, 0]","[16, 90, 0, 0]","[77, 26, 0, 0]","1713515848286","66222d49554108f063531aac","1763042701290","{""bigrank"": ""8"", ""camp_type"": ""1"", ""main_heroid"": 80, ""match_type"": ""1"", ""win_rate"": [{""app_rate"": 0.010392, ""ban_rate"": 0.020098, ""date"": ""2025-11-12"", ""win_rate"": 0.491299}, {""app_rate"": 0.010419, ""ban_rate"": 0.01993, ""date"": ""2025-11-11"", ""win_rate"": 0.491184}, {""app_rate"": 0.01041, ""ban_rate"": 0.01985, ""date"": ""2025-11-10"", ""win_rate"": 0.492083}, {""app_rate"": 0.010325, ""ban_rate"": 0.019654, ""date"": ""2025-11-09"", ""win_rate"": 0.492585}, {""app_rate"": 0.010244, ""ban_rate"": 0.019454, ""date"": ""2025-11-08"", ""win_rate"": 0.493506}, {""app_rate"": 0.010179, ""ban_rate"": 0.019241, ""date"": ""2025-11-07"", ""win_rate"": 0.494096}, {""app_rate"": 0.010124, ""ban_rate"": 0.018996, ""date"": ""2025-11-06"", ""win_rate"": 0.494649}]}","2674709","2025-11-13"
"79","Granger","[{'_id': '668541a2aa8e7f6ec4703d86', 'caption': '金币路', 'configId': 144237, 'createdAt': 1720009122589, 'createdUser': 'nickjin', 'data': {'_object': 2732073, 'road_sort_icon': 'https://akmweb.youngjoygame.com/web/gms/image/91f817c656908a83c2e24eecb3b70986.svg', 'road_sort_id': '5', 'road_sort_title': 'Gold Lane'}, 'dynamic': None, 'id': 2732079, 'linkId': [2732073], 'sort': 0, 'updatedAt': 1723022953428, 'updatedUser': 'nickjin'}, '']","https://akmweb.youngjoygame.com/web/svnres/img/mlbb/homepage_1_9_22/100_9ed57f48f91012fd110935258cd1ab61.png","[{'_id': '6698c04f613093b976b4a978', 'caption': '5射手', 'configId': 144237, 'createdAt': 1721286735503, 'createdUser': 'nickjin', 'data': {'_object': 2740651, 'sort_icon': 'https://akmweb.youngjoygame.com/web/gms/image/025c69a764924f4bac526a2662f1a0b9.png', 'sort_id': '5', 'sort_title': 'Marksman'}, 'dynamic': None, 'id': 2740665, 'linkId': [2740651], 'sort': 0, 'updatedAt': 1723023126452, 'updatedUser': 'nickjin'}, '']","[10, 62, 0]","[61, 91, 0, 0]","[3, 21, 0, 0]","1713515848286","66222d48554108f0635304a6","1763042701290","{""bigrank"": ""8"", ""camp_type"": ""1"", ""main_heroid"": 79, ""match_type"": ""1"", ""win_rate"": [{""app_rate"": 0.031768, ""ban_rate"": 0.071949, ""date"": ""2025-11-12"", ""win_rate"": 0.446047}, {""app_rate"": 0.031988, ""ban_rate"": 0.070667, ""date"": ""2025-11-11"", ""win_rate"": 0.445879}, {""app_rate"": 0.032124, ""ban_rate"": 0.068701, ""date"": ""2025-11-10"", ""win_rate"": 0.446146}, {""app_rate"": 0.032359, ""ban_rate"": 0.066358, ""date"": ""2025-11-09"", ""win_rate"": 0.445734}, {""app_rate"": 0.031716, ""ban_rate"": 0.064036, ""date"": ""2025-11-08"", ""win_rate"": 0.44589}, {""app_rate"": 0.031386, ""ban_rate"": 0.062141, ""date"": ""2025-11-07"", ""win_rate"": 0.44587}, {""app_rate"": 0.031098, ""ban_rate"": 0.060493, ""date"": ""2025-11-06"", ""win_rate"": 0.445378}]}","2674709","2025-11-13"
"78","Khufra","[{'_id': '66854202aa8e7f6ec4703d8f', 'caption': '辅助', 'configId': 144237, 'createdAt': 1720009218480, 'createdUser': 'nickjin', 'data': {'_object': 2732073, 'road_sort_icon': 'https://akmweb.youngjoygame.com/web/gms/image/a3dbb075b4d8186c29f02f7d47da236a.svg', 'road_sort_id': '3', 'road_sort_title': 'Roam'}, 'dynamic': None, 'id': 2732083, 'linkId': [2732073], 'sort': 0, 'updatedAt': 1723022949109, 'updatedUser': 'nickjin'}, '']","https://akmweb.youngjoygame.com/web/svnres/img/mlbb/homepage_2_1_18_2/100_5e137ba2f4b8c5a6cd113926f8e8387b.png","[{'_id': '6698bfbc613093b976b4a949', 'caption': '1坦克', 'configId': 144237, 'createdAt': 1721286588147, 'createdUser': 'nickjin', 'data': {'_object': 2740651, 'sort_icon': 'https://akmweb.youngjoygame.com/web/gms/image/60638c59536d9505c9c731af13f7fdfd.png', 'sort_id': '1', 'sort_title': 'tank'}, 'dynamic': None, 'id': 2740657, 'linkId': [2740651], 'sort': 0, 'updatedAt': 1723023135175, 'updatedUser': 'nickjin'}, '']","[15, 52, 0]","[118, 47, 0, 0]","[117, 104, 0, 0]","1713515848286","66222d48554108f06353069d","1763042701290","{""bigrank"": ""8"", ""camp_type"": ""1"", ""main_heroid"": 78, ""match_type"": ""1"", ""win_rate"": [{""app_rate"": 0.002422, ""ban_rate"": 0.007908, ""date"": ""2025-11-12"", ""win_rate"": 0.478915}, {""app_rate"": 0.002435, ""ban_rate"": 0.007974, ""date"": ""2025-11-11"", ""win_rate"": 0.479181}, {""app_rate"": 0.002448, ""ban_rate"": 0.008025, ""date"": ""2025-11-10"", ""win_rate"": 0.47986}, {""app_rate"": 0.002485, ""ban_rate"": 0.008222, ""date"": ""2025-11-09"", ""win_rate"": 0.479339}, {""app_rate"": 0.002537, ""ban_rate"": 0.008319, ""date"": ""2025-11-08"", ""win_rate"": 0.478337}, {""app_rate"": 0.002573, ""ban_rate"": 0.008352, ""date"": ""2025-11-07"", ""win_rate"": 0.478199}, {""app_rate"": 0.002606, ""ban_rate"": 0.008364, ""date"": ""2025-11-06"", ""win_rate"": 0.478419}]}","2674709","2025-11-13"
"77","Badang","[{'_id': '6685424caa8e7f6ec4703d97', 'caption': '经验路', 'configId': 144237, 'createdAt': 1720009292257, 'createdUser': 'nickjin', 'data': {'_object': 2732073, 'road_sort_icon': 'https://akmweb.youngjoygame.com/web/gms/image/6a246099f7eb83a8856306d8b4c84fc2.svg', 'road_sort_id': '1', 'road_sort_title': 'Exp Lane'}, 'dynamic': None, 'id': 2732085, 'linkId': [2732073], 'sort': 0, 'updatedAt': 1723022932111, 'updatedUser': 'nickjin'}, {'_id': '66854202aa8e7f6ec4703d8f', 'caption': '辅助', 'configId': 144237, 'createdAt': 1720009218480, 'createdUser': 'nickjin', 'data': {'_object': 2732073, 'road_sort_icon': 'https://akmweb.youngjoygame.com/web/gms/image/a3dbb075b4d8186c29f02f7d47da236a.svg', 'road_sort_id': '3', 'road_sort_title': 'Roam'}, 'dynamic': None, 'id': 2732083, 'linkId': [2732073], 'sort': 0, 'updatedAt': 1723022949109, 'updatedUser': 'nickjin'}]","https://akmweb.youngjoygame.com/web/svnres/img/mlbb/homepage/100_484caceb9611d547774d6d936519a7d6.png","[{'_id': '6698bfe8613093b976b4a96c', 'caption': '2战士', 'configId': 144237, 'createdAt': 1721286632237, 'createdUser': 'nickjin', 'data': {'_object': 2740651, 'sort_icon': 'https://akmweb.youngjoygame.com/web/gms/image/629e282165d4b63deceaf350426ea440.png', 'sort_id': '2', 'sort_title': 'fighter'}, 'dynamic': None, 'id': 2740659, 'linkId': [2740651], 'sort': 0, 'updatedAt': 1723023133206, 'updatedUser': 'nickjin'}, '']","[6, 96, 0]","[18, 46, 0, 0]","[89, 84, 0, 0]","1713515848286","66222d49554108f063531a00","1763042701290","{""bigrank"": ""8"", ""camp_type"": ""1"", ""main_heroid"": 77, ""match_type"": ""1"", ""win_rate"": [{""app_rate"": 0.009491, ""ban_rate"": 0.019846, ""date"": ""2025-11-12"", ""win_rate"": 0.509829}, {""app_rate"": 0.00941, ""ban_rate"": 0.019726, ""date"": ""2025-11-11"", ""win_rate"": 0.509429}, {""app_rate"": 0.009234, ""ban_rate"": 0.01939, ""date"": ""2025-11-10"", ""win_rate"": 0.509076}, {""app_rate"": 0.009121, ""ban_rate"": 0.019455, ""date"": ""2025-11-09"", ""win_rate"": 0.508711}, {""app_rate"": 0.009245, ""ban_rate"": 0.019685, ""date"": ""2025-11-08"", ""win_rate"": 0.508526}, {""app_rate"": 0.00932, ""ban_rate"": 0.01982, ""date"": ""2025-11-07"", ""win_rate"": 0.508137}, {""app_rate"": 0.009377, ""ban_rate"": 0.019963, ""date"": ""2025-11-06"", ""win_rate"": 0.50826}]}","2674709","2025-11-13"
"76","Faramis","[{'_id': '66854225aa8e7f6ec4703d93', 'caption': '中路', 'configId': 144237, 'createdAt': 1720009253985, 'createdUser': 'nickjin', 'data': {'_object': 2732073, 'road_sort_icon': 'https://akmweb.youngjoygame.com/web/gms/image/facab1eacb218d767b5acb80304bfafd.svg', 'road_sort_id': '2', 'road_sort_title': 'Mid Lane'}, 'dynamic': None, 'id': 2732084, 'linkId': [2732073], 'sort': 0, 'updatedAt': 1723022943932, 'updatedUser': 'nickjin'}, '']","https://akmweb.youngjoygame.com/web/svnres/img/mlbb/homepage/100_4bed236fc260d9924b030e576793a26b.png","[{'_id': '6698c06a613093b976b4a97c', 'caption': '6辅助', 'configId': 144237, 'createdAt': 1721286762785, 'createdUser': 'nickjin', 'data': {'_object': 2740651, 'sort_icon': 'https://akmweb.youngjoygame.com/web/gms/image/1e4609b25a4cd63ee5a13015d4058159.png', 'sort_id': '6', 'sort_title': 'support'}, 'dynamic': None, 'id': 2740666, 'linkId': [2740651], 'sort': 0, 'updatedAt': 1723023113317, 'updatedUser': 'nickjin'}, {'_id': '6698c015613093b976b4a974', 'caption': '4法师', 'configId': 144237, 'createdAt': 1721286677393, 'createdUser': 'nickjin', 'data': {'_object': 2740651, 'sort_icon': 'https://akmweb.youngjoygame.com/web/gms/image/1c6985dd0caec2028ccb6d1b8ca95e0f.png', 'sort_id': '4', 'sort_title': 'mage'}, 'dynamic': None, 'id': 2740663, 'linkId': [2740651], 'sort': 0, 'updatedAt': 1723023128824, 'updatedUser': 'nickjin'}]","[67, 58, 0]","[3, 15, 0, 0]","[119, 52, 0, 0]","1713515848286","66222d48554108f06353074c","1763042701290","{""bigrank"": ""8"", ""camp_type"": ""1"", ""main_heroid"": 76, ""match_type"": ""1"", ""win_rate"": [{""app_rate"": 0.001139, ""ban_rate"": 0.004082, ""date"": ""2025-11-12"", ""win_rate"": 0.502328}, {""app_rate"": 0.00116, ""ban_rate"": 0.004213, ""date"": ""2025-11-11"", ""win_rate"": 0.503443}, {""app_rate"": 0.001195, ""ban_rate"": 0.004431, ""date"": ""2025-11-10"", ""win_rate"": 0.503308}, {""app_rate"": 0.001225, ""ban_rate"": 0.004591, ""date"": ""2025-11-09"", ""win_rate"": 0.502962}, {""app_rate"": 0.001281, ""ban_rate"": 0.004738, ""date"": ""2025-11-08"", ""win_rate"": 0.503337}, {""app_rate"": 0.001329, ""ban_rate"": 0.004877, ""date"": ""2025-11-07"", ""win_rate"": 0.50291}, {""app_rate"": 0.001373, ""ban_rate"": 0.004968, ""date"": ""2025-11-06"", ""win_rate"": 0.503453}]}","2674709","2025-11-13"
"75","Kadita","[{'_id': '66854225aa8e7f6ec4703d93', 'caption': '中路', 'configId': 144237, 'createdAt': 1720009253985, 'createdUser': 'nickjin', 'data': {'_object': 2732073, 'road_sort_icon': 'https://akmweb.youngjoygame.com/web/gms/image/facab1eacb218d767b5acb80304bfafd.svg', 'road_sort_id': '2', 'road_sort_title': 'Mid Lane'}, 'dynamic': None, 'id': 2732084, 'linkId': [2732073], 'sort': 0, 'updatedAt': 1723022943932, 'updatedUser': 'nickjin'}, '']","https://akmweb.youngjoygame.com/web/svnres/img/mlbb/homepage_2_1_18_2/100_db76619a5d692aff3f78e3ff8d075a35.png","[{'_id': '6698c015613093b976b4a974', 'caption': '4法师', 'configId': 144237, 'createdAt': 1721286677393, 'createdUser': 'nickjin', 'data': {'_object': 2740651, 'sort_icon': 'https://akmweb.youngjoygame.com/web/gms/image/1c6985dd0caec2028ccb6d1b8ca95e0f.png', 'sort_id': '4', 'sort_title': 'mage'}, 'dynamic': None, 'id': 2740663, 'linkId': [2740651], 'sort': 0, 'updatedAt': 1723023128824, 'updatedUser': 'nickjin'}, {'_id': '6698bffd613093b976b4a970', 'caption': '3刺客', 'configId': 144237, 'createdAt': 1721286653803, 'createdUser': 'nickjin', 'data': {'_object': 2740651, 'sort_icon': 'https://akmweb.youngjoygame.com/web/gms/image/d0b8b65a47fc43dc7bb2bac447072fd2.png', 'sort_id': '3', 'sort_title': 'assassin'}, 'dynamic': None, 'id': 2740661, 'linkId': [2740651], 'sort': 0, 'updatedAt': 1723023131050, 'updatedUser': 'nickjin'}]","[93, 6, 0]","[36, 15, 0, 0]","[13, 105, 0, 0]","1713515848286","66222d49554108f0635319e0","1763042701290","{""bigrank"": ""8"", ""camp_type"": ""1"", ""main_heroid"": 75, ""match_type"": ""1"", ""win_rate"": [{""app_rate"": 0.008923, ""ban_rate"": 0.033382, ""date"": ""2025-11-12"", ""win_rate"": 0.519319}, {""app_rate"": 0.008996, ""ban_rate"": 0.03309, ""date"": ""2025-11-11"", ""win_rate"": 0.519372}, {""app_rate"": 0.009031, ""ban_rate"": 0.032571, ""date"": ""2025-11-10"", ""win_rate"": 0.519293}, {""app_rate"": 0.009124, ""ban_rate"": 0.03236, ""date"": ""2025-11-09"", ""win_rate"": 0.518908}, {""app_rate"": 0.008916, ""ban_rate"": 0.031722, ""date"": ""2025-11-08"", ""win_rate"": 0.518968}, {""app_rate"": 0.00881, ""ban_rate"": 0.031402, ""date"": ""2025-11-07"", ""win_rate"": 0.519563}, {""app_rate"": 0.008743, ""ban_rate"": 0.03133, ""date"": ""2025-11-06"", ""win_rate"": 0.520021}]}","2674709","2025-11-13"
"74","Minsitthar","[{'_id': '6685424caa8e7f6ec4703d97', 'caption': '经验路', 'configId': 144237, 'createdAt': 1720009292257, 'createdUser': 'nickjin', 'data': {'_object': 2732073, 'road_sort_icon': 'https://akmweb.youngjoygame.com/web/gms/image/6a246099f7eb83a8856306d8b4c84fc2.svg', 'road_sort_id': '1', 'road_sort_title': 'Exp Lane'}, 'dynamic': None, 'id': 2732085, 'linkId': [2732073], 'sort': 0, 'updatedAt': 1723022932111, 'updatedUser': 'nickjin'}, {'_id': '66854202aa8e7f6ec4703d8f', 'caption': '辅助', 'configId': 144237, 'createdAt': 1720009218480, 'createdUser': 'nickjin', 'data': {'_object': 2732073, 'road_sort_icon': 'https://akmweb.youngjoygame.com/web/gms/image/a3dbb075b4d8186c29f02f7d47da236a.svg', 'road_sort_id': '3', 'road_sort_title': 'Roam'}, 'dynamic': None, 'id': 2732083, 'linkId': [2732073], 'sort': 0, 'updatedAt': 1723022949109, 'updatedUser': 'nickjin'}]","https://akmweb.youngjoygame.com/web/svnres/img/mlbb/homepage/100_dbfdfa2d0a3cc95cbc197d0a14d5ecd1.png","[{'_id': '6698bfe8613093b976b4a96c', 'caption': '2战士', 'configId': 144237, 'createdAt': 1721286632237, 'createdUser': 'nickjin', 'data': {'_object': 2740651, 'sort_icon': 'https://akmweb.youngjoygame.com/web/gms/image/629e282165d4b63deceaf350426ea440.png', 'sort_id': '2', 'sort_title': 'fighter'}, 'dynamic': None, 'id': 2740659, 'linkId': [2740651], 'sort': 0, 'updatedAt': 1723023133206, 'updatedUser': 'nickjin'}, '']","[114, 60, 0]","[97, 120, 0, 0]","[16, 108, 0, 0]","1713515848286","66222d48554108f06353048f","1763042701290","{""bigrank"": ""8"", ""camp_type"": ""1"", ""main_heroid"": 74, ""match_type"": ""1"", ""win_rate"": [{""app_rate"": 0.004292, ""ban_rate"": 0.028781, ""date"": ""2025-11-12"", ""win_rate"": 0.502761}, {""app_rate"": 0.004236, ""ban_rate"": 0.028371, ""date"": ""2025-11-11"", ""win_rate"": 0.504097}, {""app_rate"": 0.004194, ""ban_rate"": 0.028214, ""date"": ""2025-11-10"", ""win_rate"": 0.50337}, {""app_rate"": 0.004163, ""ban_rate"": 0.028309, ""date"": ""2025-11-09"", ""win_rate"": 0.50262}, {""app_rate"": 0.004152, ""ban_rate"": 0.028206, ""date"": ""2025-11-08"", ""win_rate"": 0.502058}, {""app_rate"": 0.004138, ""ban_rate"": 0.028151, ""date"": ""2025-11-07"", ""win_rate"": 0.502058}, {""app_rate"": 0.00413, ""ban_rate"": 0.028184, ""date"": ""2025-11-06"", ""win_rate"": 0.502032}]}","2674709","2025-11-13"
"73","Harith","[{'_id': '668541a2aa8e7f6ec4703d86', 'caption': '金币路', 'configId': 144237, 'createdAt': 1720009122589, 'createdUser': 'nickjin', 'data': {'_object': 2732073, 'road_sort_icon': 'https://akmweb.youngjoygame.com/web/gms/image/91f817c656908a83c2e24eecb3b70986.svg', 'road_sort_id': '5', 'road_sort_title': 'Gold Lane'}, 'dynamic': None, 'id': 2732079, 'linkId': [2732073], 'sort': 0, 'updatedAt': 1723022953428, 'updatedUser': 'nickjin'}, {'_id': '66854225aa8e7f6ec4703d93', 'caption': '中路', 'configId': 144237, 'createdAt': 1720009253985, 'createdUser': 'nickjin', 'data': {'_object': 2732073, 'road_sort_icon': 'https://akmweb.youngjoygame.com/web/gms/image/facab1eacb218d767b5acb80304bfafd.svg', 'road_sort_id': '2', 'road_sort_title': 'Mid Lane'}, 'dynamic': None, 'id': 2732084, 'linkId': [2732073], 'sort': 0, 'updatedAt': 1723022943932, 'updatedUser': 'nickjin'}]","https://akmweb.youngjoygame.com/web/svnres/img/mlbb/homepage/100_0f81a3d82eb05c2c062fc6ea8b3d6578.png","[{'_id': '6698c015613093b976b4a974', 'caption': '4法师', 'configId': 144237, 'createdAt': 1721286677393, 'createdUser': 'nickjin', 'data': {'_object': 2740651, 'sort_icon': 'https://akmweb.youngjoygame.com/web/gms/image/1c6985dd0caec2028ccb6d1b8ca95e0f.png', 'sort_id': '4', 'sort_title': 'mage'}, 'dynamic': None, 'id': 2740663, 'linkId': [2740651], 'sort': 0, 'updatedAt': 1723023128824, 'updatedUser': 'nickjin'}, '']","[74, 19, 0]","[70, 32, 0, 0]","[119, 52, 0, 0]","1713515848286","66222d49554108f06353189a","1763042701290","{""bigrank"": ""8"", ""camp_type"": ""1"", ""main_heroid"": 73, ""match_type"": ""1"", ""win_rate"": [{""app_rate"": 0.003138, ""ban_rate"": 0.001274, ""date"": ""2025-11-12"", ""win_rate"": 0.445636}, {""app_rate"": 0.003235, ""ban_rate"": 0.001306, ""date"": ""2025-11-11"", ""win_rate"": 0.445948}, {""app_rate"": 0.003354, ""ban_rate"": 0.00134, ""date"": ""2025-11-10"", ""win_rate"": 0.446109}, {""app_rate"": 0.003478, ""ban_rate"": 0.001367, ""date"": ""2025-11-09"", ""win_rate"": 0.446947}, {""app_rate"": 0.0036, ""ban_rate"": 0.001382, ""date"": ""2025-11-08"", ""win_rate"": 0.447419}, {""app_rate"": 0.003709, ""ban_rate"": 0.001383, ""date"": ""2025-11-07"", ""win_rate"": 0.447156}, {""app_rate"": 0.003747, ""ban_rate"": 0.001376, ""date"": ""2025-11-06"", ""win_rate"": 0.447946}]}","2674709","2025-11-13"
"72","Thamuz","[{'_id': '6685424caa8e7f6ec4703d97', 'caption': '经验路', 'configId': 144237, 'createdAt': 1720009292257, 'createdUser': 'nickjin', 'data': {'_object': 2732073, 'road_sort_icon': 'https://akmweb.youngjoygame.com/web/gms/image/6a246099f7eb83a8856306d8b4c84fc2.svg', 'road_sort_id': '1', 'road_sort_title': 'Exp Lane'}, 'dynamic': None, 'id': 2732085, 'linkId': [2732073], 'sort': 0, 'updatedAt': 1723022932111, 'updatedUser': 'nickjin'}, '']","https://akmweb.youngjoygame.com/web/svnres/img/mlbb/homepage_2_1_18/100_3e7e133556af2f5d82f49fa8624b6bd5.png","[{'_id': '6698bfe8613093b976b4a96c', 'caption': '2战士', 'configId': 144237, 'createdAt': 1721286632237, 'createdUser': 'nickjin', 'data': {'_object': 2740651, 'sort_icon': 'https://akmweb.youngjoygame.com/web/gms/image/629e282165d4b63deceaf350426ea440.png', 'sort_id': '2', 'sort_title': 'fighter'}, 'dynamic': None, 'id': 2740659, 'linkId': [2740651], 'sort': 0, 'updatedAt': 1723023133206, 'updatedUser': 'nickjin'}, '']","[55, 14, 0]","[16, 27, 0, 0]","[40, 43, 0, 0]","1713515848286","66222d48554108f063530710","1763042701290","{""bigrank"": ""8"", ""camp_type"": ""1"", ""main_heroid"": 72, ""match_type"": ""1"", ""win_rate"": [{""app_rate"": 0.011164, ""ban_rate"": 0.037693, ""date"": ""2025-11-12"", ""win_rate"": 0.521108}, {""app_rate"": 0.010959, ""ban_rate"": 0.036625, ""date"": ""2025-11-11"", ""win_rate"": 0.522221}, {""app_rate"": 0.010894, ""ban_rate"": 0.036452, ""date"": ""2025-11-10"", ""win_rate"": 0.523403}, {""app_rate"": 0.010715, ""ban_rate"": 0.035972, ""date"": ""2025-11-09"", ""win_rate"": 0.523795}, {""app_rate"": 0.01056, ""ban_rate"": 0.035044, ""date"": ""2025-11-08"", ""win_rate"": 0.524185}, {""app_rate"": 0.010408, ""ban_rate"": 0.034235, ""date"": ""2025-11-07"", ""win_rate"": 0.522918}, {""app_rate"": 0.010347, ""ban_rate"": 0.034216, ""date"": ""2025-11-06"", ""win_rate"": 0.521354}]}","2674709","2025-11-13"
"71","Kimmy","[{'_id': '668541a2aa8e7f6ec4703d86', 'caption': '金币路', 'configId': 144237, 'createdAt': 1720009122589, 'createdUser': 'nickjin', 'data': {'_object': 2732073, 'road_sort_icon': 'https://akmweb.youngjoygame.com/web/gms/image/91f817c656908a83c2e24eecb3b70986.svg', 'road_sort_id': '5', 'road_sort_title': 'Gold Lane'}, 'dynamic': None, 'id': 2732079, 'linkId': [2732073], 'sort': 0, 'updatedAt': 1723022953428, 'updatedUser': 'nickjin'}, {'_id': '66854225aa8e7f6ec4703d93', 'caption': '中路', 'configId': 144237, 'createdAt': 1720009253985, 'createdUser': 'nickjin', 'data': {'_object': 2732073, 'road_sort_icon': 'https://akmweb.youngjoygame.com/web/gms/image/facab1eacb218d767b5acb80304bfafd.svg', 'road_sort_id': '2', 'road_sort_title': 'Mid Lane'}, 'dynamic': None, 'id': 2732084, 'linkId': [2732073], 'sort': 0, 'updatedAt': 1723022943932, 'updatedUser': 'nickjin'}, '']","https://akmweb.youngjoygame.com/web/svnres/img/mlbb/homepage_1_9_642/100_3fa938873a71f33898f26b19db654b7d.png","[{'_id': '6698c04f613093b976b4a978', 'caption': '5射手', 'configId': 144237, 'createdAt': 1721286735503, 'createdUser': 'nickjin', 'data': {'_object': 2740651, 'sort_icon': 'https://akmweb.youngjoygame.com/web/gms/image/025c69a764924f4bac526a2662f1a0b9.png', 'sort_id': '5', 'sort_title': 'Marksman'}, 'dynamic': None, 'id': 2740665, 'linkId': [2740651], 'sort': 0, 'updatedAt': 1723023126452, 'updatedUser': 'nickjin'}, {'_id': '6698c015613093b976b4a974', 'caption': '4法师', 'configId': 144237, 'createdAt': 1721286677393, 'createdUser': 'nickjin', 'data': {'_object': 2740651, 'sort_icon': 'https://akmweb.youngjoygame.com/web/gms/image/1c6985dd0caec2028ccb6d1b8ca95e0f.png', 'sort_id': '4', 'sort_title': 'mage'}, 'dynamic': None, 'id': 2740663, 'linkId': [2740651], 'sort': 0, 'updatedAt': 1723023128824, 'updatedUser': 'nickjin'}]","[77, 29]","[79, 91]","[3, 47]","1713515848286","66222d48554108f063530733","1763042701290","{""bigrank"": ""8"", ""camp_type"": ""1"", ""main_heroid"": 71, ""match_type"": ""1"", ""win_rate"": [{""app_rate"": 0.016101, ""ban_rate"": 0.054942, ""date"": ""2025-11-12"", ""win_rate"": 0.514499}, {""app_rate"": 0.016242, ""ban_rate"": 0.054572, ""date"": ""2025-11-11"", ""win_rate"": 0.513889}, {""app_rate"": 0.016314, ""ban_rate"": 0.054342, ""date"": ""2025-11-10"", ""win_rate"": 0.514485}, {""app_rate"": 0.016294, ""ban_rate"": 0.053921, ""date"": ""2025-11-09"", ""win_rate"": 0.514621}, {""app_rate"": 0.016528, ""ban_rate"": 0.053371, ""date"": ""2025-11-08"", ""win_rate"": 0.514934}, {""app_rate"": 0.016736, ""ban_rate"": 0.052689, ""date"": ""2025-11-07"", ""win_rate"": 0.514671}, {""app_rate"": 0.016833, ""ban_rate"": 0.051949, ""date"": ""2025-11-06"", ""win_rate"": 0.515046}]}","2674709","2025-11-13"
"70","Belerick","[{'_id': '66854202aa8e7f6ec4703d8f', 'caption': '辅助', 'configId': 144237, 'createdAt': 1720009218480, 'createdUser': 'nickjin', 'data': {'_object': 2732073, 'road_sort_icon': 'https://akmweb.youngjoygame.com/web/gms/image/a3dbb075b4d8186c29f02f7d47da236a.svg', 'road_sort_id': '3', 'road_sort_title': 'Roam'}, 'dynamic': None, 'id': 2732083, 'linkId': [2732073], 'sort': 0, 'updatedAt': 1723022949109, 'updatedUser': 'nickjin'}, '']","https://akmweb.youngjoygame.com/web/svnres/img/mlbb/homepage_2_1_18_2/100_c9aa12fe3c58449075a5ac8b6d691a13.png","[{'_id': '6698bfbc613093b976b4a949', 'caption': '1坦克', 'configId': 144237, 'createdAt': 1721286588147, 'createdUser': 'nickjin', 'data': {'_object': 2740651, 'sort_icon': 'https://akmweb.youngjoygame.com/web/gms/image/60638c59536d9505c9c731af13f7fdfd.png', 'sort_id': '1', 'sort_title': 'tank'}, 'dynamic': None, 'id': 2740657, 'linkId': [2740651], 'sort': 0, 'updatedAt': 1723023135175, 'updatedUser': 'nickjin'}, '']","[107, 1, 0]","[47, 84, 0, 0]","[57, 115, 0, 0]","1713515848286","66222d49554108f0635318ab","1763042701290","{""bigrank"": ""8"", ""camp_type"": ""1"", ""main_heroid"": 70, ""match_type"": ""1"", ""win_rate"": [{""app_rate"": 0.013606, ""ban_rate"": 0.099097, ""date"": ""2025-11-12"", ""win_rate"": 0.505522}, {""app_rate"": 0.013715, ""ban_rate"": 0.096765, ""date"": ""2025-11-11"", ""win_rate"": 0.50503}, {""app_rate"": 0.013766, ""ban_rate"": 0.094918, ""date"": ""2025-11-10"", ""win_rate"": 0.505131}, {""app_rate"": 0.013922, ""ban_rate"": 0.092841, ""date"": ""2025-11-09"", ""win_rate"": 0.504972}, {""app_rate"": 0.013409, ""ban_rate"": 0.090304, ""date"": ""2025-11-08"", ""win_rate"": 0.504373}, {""app_rate"": 0.013104, ""ban_rate"": 0.088182, ""date"": ""2025-11-07"", ""win_rate"": 0.50418}, {""app_rate"": 0.012945, ""ban_rate"": 0.086485, ""date"": ""2025-11-06"", ""win_rate"": 0.503478}]}","2674709","2025-11-13"
"69","Hanzo","[{'_id': '668541caaa8e7f6ec4703d8a', 'caption': '打野', 'configId': 144237, 'createdAt': 1720009162509, 'createdUser': 'nickjin', 'data': {'_object': 2732073, 'road_sort_icon': 'https://akmweb.youngjoygame.com/web/gms/image/de611167c7310681135f0b4198137bfa.svg', 'road_sort_id': '4', 'road_sort_title': 'Jungle'}, 'dynamic': None, 'id': 2732080, 'linkId': [2732073], 'sort': 0, 'updatedAt': 1723022951463, 'updatedUser': 'nickjin'}, '']","https://akmweb.youngjoygame.com/web/svnres/img/mlbb/homepage_1_9_47/100_746725e15c7577be6bb92b2665adf447.png","[{'_id': '6698bffd613093b976b4a970', 'caption': '3刺客', 'configId': 144237, 'createdAt': 1721286653803, 'createdUser': 'nickjin', 'data': {'_object': 2740651, 'sort_icon': 'https://akmweb.youngjoygame.com/web/gms/image/d0b8b65a47fc43dc7bb2bac447072fd2.png', 'sort_id': '3', 'sort_title': 'assassin'}, 'dynamic': None, 'id': 2740661, 'linkId': [2740651], 'sort': 0, 'updatedAt': 1723023131050, 'updatedUser': 'nickjin'}, '']","[36, 70, 6]","[18, 121, 125]","[17, 47, 120]","1713515848286","66222d48554108f0635306f9","1763042701290","{""bigrank"": ""8"", ""camp_type"": ""1"", ""main_heroid"": 69, ""match_type"": ""1"", ""win_rate"": [{""app_rate"": 0.002708, ""ban_rate"": 0.02881, ""date"": ""2025-11-12"", ""win_rate"": 0.51389}, {""app_rate"": 0.002664, ""ban_rate"": 0.028417, ""date"": ""2025-11-11"", ""win_rate"": 0.513314}, {""app_rate"": 0.002607, ""ban_rate"": 0.027712, ""date"": ""2025-11-10"", ""win_rate"": 0.512888}, {""app_rate"": 0.002577, ""ban_rate"": 0.027356, ""date"": ""2025-11-09"", ""win_rate"": 0.514136}, {""app_rate"": 0.002559, ""ban_rate"": 0.026788, ""date"": ""2025-11-08"", ""win_rate"": 0.515396}, {""app_rate"": 0.002531, ""ban_rate"": 0.026267, ""date"": ""2025-11-07"", ""win_rate"": 0.515208}, {""app_rate"": 0.002532, ""ban_rate"": 0.025935, ""date"": ""2025-11-06"", ""win_rate"": 0.515303}]}","2674709","2025-11-13"
"68","Lunox","[{'_id': '66854225aa8e7f6ec4703d93', 'caption': '中路', 'configId': 144237, 'createdAt': 1720009253985, 'createdUser': 'nickjin', 'data': {'_object': 2732073, 'road_sort_icon': 'https://akmweb.youngjoygame.com/web/gms/image/facab1eacb218d767b5acb80304bfafd.svg', 'road_sort_id': '2', 'road_sort_title': 'Mid Lane'}, 'dynamic': None, 'id': 2732084, 'linkId': [2732073], 'sort': 0, 'updatedAt': 1723022943932, 'updatedUser': 'nickjin'}, '']","https://akmweb.youngjoygame.com/web/svnres/img/mlbb/homepage/100_69d35cd0c549a9bdbcf9fbfddf3122a5.png","[{'_id': '6698c015613093b976b4a974', 'caption': '4法师', 'configId': 144237, 'createdAt': 1721286677393, 'createdUser': 'nickjin', 'data': {'_object': 2740651, 'sort_icon': 'https://akmweb.youngjoygame.com/web/gms/image/1c6985dd0caec2028ccb6d1b8ca95e0f.png', 'sort_id': '4', 'sort_title': 'mage'}, 'dynamic': None, 'id': 2740663, 'linkId': [2740651], 'sort': 0, 'updatedAt': 1723023128824, 'updatedUser': 'nickjin'}, '']","[10, 19, 0]","[101, 86, 0, 0]","[122, 84, 0, 0]","1713515848286","66222d48554108f0635303e4","1763042701290","{""bigrank"": ""8"", ""camp_type"": ""1"", ""main_heroid"": 68, ""match_type"": ""1"", ""win_rate"": [{""app_rate"": 0.005415, ""ban_rate"": 0.007611, ""date"": ""2025-11-12"", ""win_rate"": 0.492964}, {""app_rate"": 0.005542, ""ban_rate"": 0.007609, ""date"": ""2025-11-11"", ""win_rate"": 0.49398}, {""app_rate"": 0.005783, ""ban_rate"": 0.007795, ""date"": ""2025-11-10"", ""win_rate"": 0.494483}, {""app_rate"": 0.00602, ""ban_rate"": 0.007795, ""date"": ""2025-11-09"", ""win_rate"": 0.494119}, {""app_rate"": 0.005908, ""ban_rate"": 0.007701, ""date"": ""2025-11-08"", ""win_rate"": 0.494637}, {""app_rate"": 0.00583, ""ban_rate"": 0.007617, ""date"": ""2025-11-07"", ""win_rate"": 0.495367}, {""app_rate"": 0.005758, ""ban_rate"": 0.007518, ""date"": ""2025-11-06"", ""win_rate"": 0.495903}]}","2674709","2025-11-13"
"67","Leomord","[{'_id': '668541caaa8e7f6ec4703d8a', 'caption': '打野', 'configId': 144237, 'createdAt': 1720009162509, 'createdUser': 'nickjin', 'data': {'_object': 2732073, 'road_sort_icon': 'https://akmweb.youngjoygame.com/web/gms/image/de611167c7310681135f0b4198137bfa.svg', 'road_sort_id': '4', 'road_sort_title': 'Jungle'}, 'dynamic': None, 'id': 2732080, 'linkId': [2732073], 'sort': 0, 'updatedAt': 1723022951463, 'updatedUser': 'nickjin'}, '']","https://akmweb.youngjoygame.com/web/svnres/img/mlbb/homepage/100_6c205605c520867a534e4e74588a7208.png","[{'_id': '6698bfe8613093b976b4a96c', 'caption': '2战士', 'configId': 144237, 'createdAt': 1721286632237, 'createdUser': 'nickjin', 'data': {'_object': 2740651, 'sort_icon': 'https://akmweb.youngjoygame.com/web/gms/image/629e282165d4b63deceaf350426ea440.png', 'sort_id': '2', 'sort_title': 'fighter'}, 'dynamic': None, 'id': 2740659, 'linkId': [2740651], 'sort': 0, 'updatedAt': 1723023133206, 'updatedUser': 'nickjin'}, '']","[52, 38, 0]","[46, 52, 101, 91]","[106, 10, 9, 5]","1713515848286","66222d49554108f063531b27","1763042701290","{""bigrank"": ""8"", ""camp_type"": ""1"", ""main_heroid"": 67, ""match_type"": ""1"", ""win_rate"": [{""app_rate"": 0.001505, ""ban_rate"": 0.000751, ""date"": ""2025-11-12"", ""win_rate"": 0.483686}, {""app_rate"": 0.001549, ""ban_rate"": 0.000734, ""date"": ""2025-11-11"", ""win_rate"": 0.489285}, {""app_rate"": 0.001605, ""ban_rate"": 0.000731, ""date"": ""2025-11-10"", ""win_rate"": 0.490999}, {""app_rate"": 0.00168, ""ban_rate"": 0.000733, ""date"": ""2025-11-09"", ""win_rate"": 0.491492}, {""app_rate"": 0.001575, ""ban_rate"": 0.000708, ""date"": ""2025-11-08"", ""win_rate"": 0.491996}, {""app_rate"": 0.001503, ""ban_rate"": 0.000691, ""date"": ""2025-11-07"", ""win_rate"": 0.49229}, {""app_rate"": 0.001456, ""ban_rate"": 0.000677, ""date"": ""2025-11-06"", ""win_rate"": 0.493312}]}","2674709","2025-11-13"
"66","Vale","[{'_id': '66854225aa8e7f6ec4703d93', 'caption': '中路', 'configId': 144237, 'createdAt': 1720009253985, 'createdUser': 'nickjin', 'data': {'_object': 2732073, 'road_sort_icon': 'https://akmweb.youngjoygame.com/web/gms/image/facab1eacb218d767b5acb80304bfafd.svg', 'road_sort_id': '2', 'road_sort_title': 'Mid Lane'}, 'dynamic': None, 'id': 2732084, 'linkId': [2732073], 'sort': 0, 'updatedAt': 1723022943932, 'updatedUser': 'nickjin'}, '']","https://akmweb.youngjoygame.com/web/svnres/img/mlbb/homepage_2_1_18_2/100_344849c04f420fda542682b73c3f31d1.png","[{'_id': '6698c015613093b976b4a974', 'caption': '4法师', 'configId': 144237, 'createdAt': 1721286677393, 'createdUser': 'nickjin', 'data': {'_object': 2740651, 'sort_icon': 'https://akmweb.youngjoygame.com/web/gms/image/1c6985dd0caec2028ccb6d1b8ca95e0f.png', 'sort_id': '4', 'sort_title': 'mage'}, 'dynamic': None, 'id': 2740663, 'linkId': [2740651], 'sort': 0, 'updatedAt': 1723023128824, 'updatedUser': 'nickjin'}, '']","[20, 70, 0]","[82, 35, 0, 0]","[21, 84, 0, 0]","1713515848286","66222d48554108f063530728","1763042701290","{""bigrank"": ""8"", ""camp_type"": ""1"", ""main_heroid"": 66, ""match_type"": ""1"", ""win_rate"": [{""app_rate"": 0.005012, ""ban_rate"": 0.000892, ""date"": ""2025-11-12"", ""win_rate"": 0.490834}, {""app_rate"": 0.004969, ""ban_rate"": 0.000884, ""date"": ""2025-11-11"", ""win_rate"": 0.490658}, {""app_rate"": 0.004899, ""ban_rate"": 0.000866, ""date"": ""2025-11-10"", ""win_rate"": 0.490296}, {""app_rate"": 0.004865, ""ban_rate"": 0.000855, ""date"": ""2025-11-09"", ""win_rate"": 0.490072}, {""app_rate"": 0.004804, ""ban_rate"": 0.000838, ""date"": ""2025-11-08"", ""win_rate"": 0.489563}, {""app_rate"": 0.004752, ""ban_rate"": 0.000823, ""date"": ""2025-11-07"", ""win_rate"": 0.489808}, {""app_rate"": 0.004729, ""ban_rate"": 0.000814, ""date"": ""2025-11-06"", ""win_rate"": 0.489855}]}","2674709","2025-11-13"
"65","Claude","[{'_id': '668541a2aa8e7f6ec4703d86', 'caption': '金币路', 'configId': 144237, 'createdAt': 1720009122589, 'createdUser': 'nickjin', 'data': {'_object': 2732073, 'road_sort_icon': 'https://akmweb.youngjoygame.com/web/gms/image/91f817c656908a83c2e24eecb3b70986.svg', 'road_sort_id': '5', 'road_sort_title': 'Gold Lane'}, 'dynamic': None, 'id': 2732079, 'linkId': [2732073], 'sort': 0, 'updatedAt': 1723022953428, 'updatedUser': 'nickjin'}, '']","https://akmweb.youngjoygame.com/web/svnres/img/mlbb/homepage/100_808e898e89986b917e146a9b5dcbbb57.png","[{'_id': '6698c04f613093b976b4a978', 'caption': '5射手', 'configId': 144237, 'createdAt': 1721286735503, 'createdUser': 'nickjin', 'data': {'_object': 2740651, 'sort_icon': 'https://akmweb.youngjoygame.com/web/gms/image/025c69a764924f4bac526a2662f1a0b9.png', 'sort_id': '5', 'sort_title': 'Marksman'}, 'dynamic': None, 'id': 2740665, 'linkId': [2740651], 'sort': 0, 'updatedAt': 1723023126452, 'updatedUser': 'nickjin'}, '']","[55, 76, 0]","[38, 112, 0, 0]","[15, 10, 0, 0]","1713515848286","66222d48554108f0635304a8","1763042701290","{""bigrank"": ""8"", ""camp_type"": ""1"", ""main_heroid"": 65, ""match_type"": ""1"", ""win_rate"": [{""app_rate"": 0.007347, ""ban_rate"": 0.001653, ""date"": ""2025-11-12"", ""win_rate"": 0.473995}, {""app_rate"": 0.007374, ""ban_rate"": 0.001629, ""date"": ""2025-11-11"", ""win_rate"": 0.475582}, {""app_rate"": 0.007343, ""ban_rate"": 0.001604, ""date"": ""2025-11-10"", ""win_rate"": 0.475524}, {""app_rate"": 0.007278, ""ban_rate"": 0.001564, ""date"": ""2025-11-09"", ""win_rate"": 0.475996}, {""app_rate"": 0.007378, ""ban_rate"": 0.001546, ""date"": ""2025-11-08"", ""win_rate"": 0.475773}, {""app_rate"": 0.007421, ""ban_rate"": 0.001522, ""date"": ""2025-11-07"", ""win_rate"": 0.475507}, {""app_rate"": 0.00738, ""ban_rate"": 0.001494, ""date"": ""2025-11-06"", ""win_rate"": 0.47539}]}","2674709","2025-11-13"
"64","Aldous","[{'_id': '6685424caa8e7f6ec4703d97', 'caption': '经验路', 'configId': 144237, 'createdAt': 1720009292257, 'createdUser': 'nickjin', 'data': {'_object': 2732073, 'road_sort_icon': 'https://akmweb.youngjoygame.com/web/gms/image/6a246099f7eb83a8856306d8b4c84fc2.svg', 'road_sort_id': '1', 'road_sort_title': 'Exp Lane'}, 'dynamic': None, 'id': 2732085, 'linkId': [2732073], 'sort': 0, 'updatedAt': 1723022932111, 'updatedUser': 'nickjin'}, '']","https://akmweb.youngjoygame.com/web/svnres/img/mlbb/homepage/100_c2f6866ffc797395ee35f97a74bbea20.png","[{'_id': '6698bfe8613093b976b4a96c', 'caption': '2战士', 'configId': 144237, 'createdAt': 1721286632237, 'createdUser': 'nickjin', 'data': {'_object': 2740651, 'sort_icon': 'https://akmweb.youngjoygame.com/web/gms/image/629e282165d4b63deceaf350426ea440.png', 'sort_id': '2', 'sort_title': 'fighter'}, 'dynamic': None, 'id': 2740659, 'linkId': [2740651], 'sort': 0, 'updatedAt': 1723023133206, 'updatedUser': 'nickjin'}, '']","[2, 12, 0]","[16, 67, 0, 0]","[58, 85, 0, 0]","1713515848286","66222d49554108f063531944","1763042701290","{""bigrank"": ""8"", ""camp_type"": ""1"", ""main_heroid"": 64, ""match_type"": ""1"", ""win_rate"": [{""app_rate"": 0.00319, ""ban_rate"": 0.002061, ""date"": ""2025-11-12"", ""win_rate"": 0.504488}, {""app_rate"": 0.003138, ""ban_rate"": 0.002049, ""date"": ""2025-11-11"", ""win_rate"": 0.502106}, {""app_rate"": 0.003074, ""ban_rate"": 0.002, ""date"": ""2025-11-10"", ""win_rate"": 0.50163}, {""app_rate"": 0.003018, ""ban_rate"": 0.001971, ""date"": ""2025-11-09"", ""win_rate"": 0.501494}, {""app_rate"": 0.003, ""ban_rate"": 0.001955, ""date"": ""2025-11-08"", ""win_rate"": 0.501326}, {""app_rate"": 0.002978, ""ban_rate"": 0.001937, ""date"": ""2025-11-07"", ""win_rate"": 0.501512}, {""app_rate"": 0.002946, ""ban_rate"": 0.001903, ""date"": ""2025-11-06"", ""win_rate"": 0.501959}]}","2674709","2025-11-13"
"63","Selena","[{'_id': '66854225aa8e7f6ec4703d93', 'caption': '中路', 'configId': 144237, 'createdAt': 1720009253985, 'createdUser': 'nickjin', 'data': {'_object': 2732073, 'road_sort_icon': 'https://akmweb.youngjoygame.com/web/gms/image/facab1eacb218d767b5acb80304bfafd.svg', 'road_sort_id': '2', 'road_sort_title': 'Mid Lane'}, 'dynamic': None, 'id': 2732084, 'linkId': [2732073], 'sort': 0, 'updatedAt': 1723022943932, 'updatedUser': 'nickjin'}, {'_id': '66854202aa8e7f6ec4703d8f', 'caption': '辅助', 'configId': 144237, 'createdAt': 1720009218480, 'createdUser': 'nickjin', 'data': {'_object': 2732073, 'road_sort_icon': 'https://akmweb.youngjoygame.com/web/gms/image/a3dbb075b4d8186c29f02f7d47da236a.svg', 'road_sort_id': '3', 'road_sort_title': 'Roam'}, 'dynamic': None, 'id': 2732083, 'linkId': [2732073], 'sort': 0, 'updatedAt': 1723022949109, 'updatedUser': 'nickjin'}, '']","https://akmweb.youngjoygame.com/web/svnres/img/mlbb/homepage/100_547ce6e3351ef7a46c02b51d0c4e452c.png","[{'_id': '6698bffd613093b976b4a970', 'caption': '3刺客', 'configId': 144237, 'createdAt': 1721286653803, 'createdUser': 'nickjin', 'data': {'_object': 2740651, 'sort_icon': 'https://akmweb.youngjoygame.com/web/gms/image/d0b8b65a47fc43dc7bb2bac447072fd2.png', 'sort_id': '3', 'sort_title': 'assassin'}, 'dynamic': None, 'id': 2740661, 'linkId': [2740651], 'sort': 0, 'updatedAt': 1723023131050, 'updatedUser': 'nickjin'}, {'_id': '6698c015613093b976b4a974', 'caption': '4法师', 'configId': 144237, 'createdAt': 1721286677393, 'createdUser': 'nickjin', 'data': {'_object': 2740651, 'sort_icon': 'https://akmweb.youngjoygame.com/web/gms/image/1c6985dd0caec2028ccb6d1b8ca95e0f.png', 'sort_id': '4', 'sort_title': 'mage'}, 'dynamic': None, 'id': 2740663, 'linkId': [2740651], 'sort': 0, 'updatedAt': 1723023128824, 'updatedUser': 'nickjin'}]","[115, 105, 0]","[23, 18, 0, 0]","[60, 89, 0, 0]","1713515848286","66222d49554108f063531af6","1763042701290","{""bigrank"": ""8"", ""camp_type"": ""1"", ""main_heroid"": 63, ""match_type"": ""1"", ""win_rate"": [{""app_rate"": 0.007845, ""ban_rate"": 0.017101, ""date"": ""2025-11-12"", ""win_rate"": 0.450287}, {""app_rate"": 0.007764, ""ban_rate"": 0.017063, ""date"": ""2025-11-11"", ""win_rate"": 0.450688}, {""app_rate"": 0.007728, ""ban_rate"": 0.017072, ""date"": ""2025-11-10"", ""win_rate"": 0.450686}, {""app_rate"": 0.007625, ""ban_rate"": 0.017028, ""date"": ""2025-11-09"", ""win_rate"": 0.450513}, {""app_rate"": 0.007664, ""ban_rate"": 0.016828, ""date"": ""2025-11-08"", ""win_rate"": 0.45024}, {""app_rate"": 0.007683, ""ban_rate"": 0.016606, ""date"": ""2025-11-07"", ""win_rate"": 0.450031}, {""app_rate"": 0.007686, ""ban_rate"": 0.016409, ""date"": ""2025-11-06"", ""win_rate"": 0.450164}]}","2674709","2025-11-13"
"62","Kaja","[{'_id': '66854202aa8e7f6ec4703d8f', 'caption': '辅助', 'configId': 144237, 'createdAt': 1720009218480, 'createdUser': 'nickjin', 'data': {'_object': 2732073, 'road_sort_icon': 'https://akmweb.youngjoygame.com/web/gms/image/a3dbb075b4d8186c29f02f7d47da236a.svg', 'road_sort_id': '3', 'road_sort_title': 'Roam'}, 'dynamic': None, 'id': 2732083, 'linkId': [2732073], 'sort': 0, 'updatedAt': 1723022949109, 'updatedUser': 'nickjin'}, '']","https://akmweb.youngjoygame.com/web/svnres/img/mlbb/homepage/100_87a88d7acc62a25869a5316147f3ce6a.png","[{'_id': '6698c06a613093b976b4a97c', 'caption': '6辅助', 'configId': 144237, 'createdAt': 1721286762785, 'createdUser': 'nickjin', 'data': {'_object': 2740651, 'sort_icon': 'https://akmweb.youngjoygame.com/web/gms/image/1e4609b25a4cd63ee5a13015d4058159.png', 'sort_id': '6', 'sort_title': 'support'}, 'dynamic': None, 'id': 2740666, 'linkId': [2740651], 'sort': 0, 'updatedAt': 1723023113317, 'updatedUser': 'nickjin'}, {'_id': '6698bfe8613093b976b4a96c', 'caption': '2战士', 'configId': 144237, 'createdAt': 1721286632237, 'createdUser': 'nickjin', 'data': {'_object': 2740651, 'sort_icon': 'https://akmweb.youngjoygame.com/web/gms/image/629e282165d4b63deceaf350426ea440.png', 'sort_id': '2', 'sort_title': 'fighter'}, 'dynamic': None, 'id': 2740659, 'linkId': [2740651], 'sort': 0, 'updatedAt': 1723023133206, 'updatedUser': 'nickjin'}]","[15, 109, 0]","[17, 47, 0, 0]","[18, 52, 0, 0]","1713515848286","66222d48554108f0635304e0","1763042701290","{""bigrank"": ""8"", ""camp_type"": ""1"", ""main_heroid"": 62, ""match_type"": ""1"", ""win_rate"": [{""app_rate"": 0.000898, ""ban_rate"": 0.000808, ""date"": ""2025-11-12"", ""win_rate"": 0.524801}, {""app_rate"": 0.000895, ""ban_rate"": 0.000808, ""date"": ""2025-11-11"", ""win_rate"": 0.522954}, {""app_rate"": 0.000899, ""ban_rate"": 0.000826, ""date"": ""2025-11-10"", ""win_rate"": 0.522357}, {""app_rate"": 0.000904, ""ban_rate"": 0.000837, ""date"": ""2025-11-09"", ""win_rate"": 0.522816}, {""app_rate"": 0.000909, ""ban_rate"": 0.000845, ""date"": ""2025-11-08"", ""win_rate"": 0.522887}, {""app_rate"": 0.00091, ""ban_rate"": 0.000839, ""date"": ""2025-11-07"", ""win_rate"": 0.523099}, {""app_rate"": 0.00091, ""ban_rate"": 0.000833, ""date"": ""2025-11-06"", ""win_rate"": 0.522415}]}","2674709","2025-11-13"
"61","Chang'e","[{'_id': '66854225aa8e7f6ec4703d93', 'caption': '中路', 'configId': 144237, 'createdAt': 1720009253985, 'createdUser': 'nickjin', 'data': {'_object': 2732073, 'road_sort_icon': 'https://akmweb.youngjoygame.com/web/gms/image/facab1eacb218d767b5acb80304bfafd.svg', 'road_sort_id': '2', 'road_sort_title': 'Mid Lane'}, 'dynamic': None, 'id': 2732084, 'linkId': [2732073], 'sort': 0, 'updatedAt': 1723022943932, 'updatedUser': 'nickjin'}, '']","https://akmweb.youngjoygame.com/web/svnres/img/mlbb/homepage/100_4a2db83b0fb92b826f039955d1b8b5df.png","[{'_id': '6698c015613093b976b4a974', 'caption': '4法师', 'configId': 144237, 'createdAt': 1721286677393, 'createdUser': 'nickjin', 'data': {'_object': 2740651, 'sort_icon': 'https://akmweb.youngjoygame.com/web/gms/image/1c6985dd0caec2028ccb6d1b8ca95e0f.png', 'sort_id': '4', 'sort_title': 'mage'}, 'dynamic': None, 'id': 2740663, 'linkId': [2740651], 'sort': 0, 'updatedAt': 1723023128824, 'updatedUser': 'nickjin'}, '']","[41, 6, 0]","[15, 46, 0, 0]","[69, 42, 0, 0]","1713515848286","66222d49554108f063531823","1763042701290","{""bigrank"": ""8"", ""camp_type"": ""1"", ""main_heroid"": 61, ""match_type"": ""1"", ""win_rate"": [{""app_rate"": 0.013426, ""ban_rate"": 0.017221, ""date"": ""2025-11-12"", ""win_rate"": 0.491462}, {""app_rate"": 0.013391, ""ban_rate"": 0.017088, ""date"": ""2025-11-11"", ""win_rate"": 0.490857}, {""app_rate"": 0.013453, ""ban_rate"": 0.017161, ""date"": ""2025-11-10"", ""win_rate"": 0.489907}, {""app_rate"": 0.013427, ""ban_rate"": 0.017267, ""date"": ""2025-11-09"", ""win_rate"": 0.488946}, {""app_rate"": 0.013538, ""ban_rate"": 0.017272, ""date"": ""2025-11-08"", ""win_rate"": 0.487967}, {""app_rate"": 0.013586, ""ban_rate"": 0.017175, ""date"": ""2025-11-07"", ""win_rate"": 0.487168}, {""app_rate"": 0.01363, ""ban_rate"": 0.017143, ""date"": ""2025-11-06"", ""win_rate"": 0.486435}]}","2674709","2025-11-13"
"60","Hanabi","[{'_id': '668541a2aa8e7f6ec4703d86', 'caption': '金币路', 'configId': 144237, 'createdAt': 1720009122589, 'createdUser': 'nickjin', 'data': {'_object': 2732073, 'road_sort_icon': 'https://akmweb.youngjoygame.com/web/gms/image/91f817c656908a83c2e24eecb3b70986.svg', 'road_sort_id': '5', 'road_sort_title': 'Gold Lane'}, 'dynamic': None, 'id': 2732079, 'linkId': [2732073], 'sort': 0, 'updatedAt': 1723022953428, 'updatedUser': 'nickjin'}, '']","https://akmweb.youngjoygame.com/web/svnres/img/mlbb/homepage/100_85d213390613bbc09220cf1d9f64c5c0.png","[{'_id': '6698c04f613093b976b4a978', 'caption': '5射手', 'configId': 144237, 'createdAt': 1721286735503, 'createdUser': 'nickjin', 'data': {'_object': 2740651, 'sort_icon': 'https://akmweb.youngjoygame.com/web/gms/image/025c69a764924f4bac526a2662f1a0b9.png', 'sort_id': '5', 'sort_title': 'Marksman'}, 'dynamic': None, 'id': 2740665, 'linkId': [2740651], 'sort': 0, 'updatedAt': 1723023126452, 'updatedUser': 'nickjin'}, '']","[92, 93, 0]","[6, 70, 0, 0]","[47, 16, 0, 0]","1713515848286","66222d48554108f063530485","1763042701290","{""bigrank"": ""8"", ""camp_type"": ""1"", ""main_heroid"": 60, ""match_type"": ""1"", ""win_rate"": [{""app_rate"": 0.018476, ""ban_rate"": 0.011222, ""date"": ""2025-11-12"", ""win_rate"": 0.520189}, {""app_rate"": 0.018265, ""ban_rate"": 0.010905, ""date"": ""2025-11-11"", ""win_rate"": 0.520734}, {""app_rate"": 0.018021, ""ban_rate"": 0.010625, ""date"": ""2025-11-10"", ""win_rate"": 0.521022}, {""app_rate"": 0.017825, ""ban_rate"": 0.010371, ""date"": ""2025-11-09"", ""win_rate"": 0.520862}, {""app_rate"": 0.017553, ""ban_rate"": 0.010094, ""date"": ""2025-11-08"", ""win_rate"": 0.52062}, {""app_rate"": 0.017303, ""ban_rate"": 0.009825, ""date"": ""2025-11-07"", ""win_rate"": 0.520748}, {""app_rate"": 0.017137, ""ban_rate"": 0.009642, ""date"": ""2025-11-06"", ""win_rate"": 0.520464}]}","2674709","2025-11-13"
"59","Uranus","[{'_id': '6685424caa8e7f6ec4703d97', 'caption': '经验路', 'configId': 144237, 'createdAt': 1720009292257, 'createdUser': 'nickjin', 'data': {'_object': 2732073, 'road_sort_icon': 'https://akmweb.youngjoygame.com/web/gms/image/6a246099f7eb83a8856306d8b4c84fc2.svg', 'road_sort_id': '1', 'road_sort_title': 'Exp Lane'}, 'dynamic': None, 'id': 2732085, 'linkId': [2732073], 'sort': 0, 'updatedAt': 1723022932111, 'updatedUser': 'nickjin'}, '']","https://akmweb.youngjoygame.com/web/svnres/img/mlbb/homepage/100_04a36899ac866eecb1d3a9c436cfb1d9.png","[{'_id': '6698bfbc613093b976b4a949', 'caption': '1坦克', 'configId': 144237, 'createdAt': 1721286588147, 'createdUser': 'nickjin', 'data': {'_object': 2740651, 'sort_icon': 'https://akmweb.youngjoygame.com/web/gms/image/60638c59536d9505c9c731af13f7fdfd.png', 'sort_id': '1', 'sort_title': 'tank'}, 'dynamic': None, 'id': 2740657, 'linkId': [2740651], 'sort': 0, 'updatedAt': 1723023135175, 'updatedUser': 'nickjin'}, '']","[105, 60, 0]","[6, 10, 0, 0]","[18, 53, 0, 0]","1713515848286","66222d48554108f0635306c7","1763042701290","{""bigrank"": ""8"", ""camp_type"": ""1"", ""main_heroid"": 59, ""match_type"": ""1"", ""win_rate"": [{""app_rate"": 0.006276, ""ban_rate"": 0.01738, ""date"": ""2025-11-12"", ""win_rate"": 0.504867}, {""app_rate"": 0.006359, ""ban_rate"": 0.017512, ""date"": ""2025-11-11"", ""win_rate"": 0.50475}, {""app_rate"": 0.006345, ""ban_rate"": 0.017766, ""date"": ""2025-11-10"", ""win_rate"": 0.505777}, {""app_rate"": 0.006353, ""ban_rate"": 0.018039, ""date"": ""2025-11-09"", ""win_rate"": 0.50679}, {""app_rate"": 0.006383, ""ban_rate"": 0.018312, ""date"": ""2025-11-08"", ""win_rate"": 0.507036}, {""app_rate"": 0.006409, ""ban_rate"": 0.018498, ""date"": ""2025-11-07"", ""win_rate"": 0.507002}, {""app_rate"": 0.006423, ""ban_rate"": 0.018346, ""date"": ""2025-11-06"", ""win_rate"": 0.507143}]}","2674709","2025-11-13"
"58","Martis","[{'_id': '668541caaa8e7f6ec4703d8a', 'caption': '打野', 'configId': 144237, 'createdAt': 1720009162509, 'createdUser': 'nickjin', 'data': {'_object': 2732073, 'road_sort_icon': 'https://akmweb.youngjoygame.com/web/gms/image/de611167c7310681135f0b4198137bfa.svg', 'road_sort_id': '4', 'road_sort_title': 'Jungle'}, 'dynamic': None, 'id': 2732080, 'linkId': [2732073], 'sort': 0, 'updatedAt': 1723022951463, 'updatedUser': 'nickjin'}, '']","https://akmweb.youngjoygame.com/web/svnres/img/mlbb/homepage/100_9691f86f84a553ea3982014738905f3f.png","[{'_id': '6698bfe8613093b976b4a96c', 'caption': '2战士', 'configId': 144237, 'createdAt': 1721286632237, 'createdUser': 'nickjin', 'data': {'_object': 2740651, 'sort_icon': 'https://akmweb.youngjoygame.com/web/gms/image/629e282165d4b63deceaf350426ea440.png', 'sort_id': '2', 'sort_title': 'fighter'}, 'dynamic': None, 'id': 2740659, 'linkId': [2740651], 'sort': 0, 'updatedAt': 1723023133206, 'updatedUser': 'nickjin'}, '']","[28, 98, 0]","[18, 46, 0, 0]","[72, 117, 0, 0]","1713515848286","66222d48554108f0635306ef","1763042701290","{""bigrank"": ""8"", ""camp_type"": ""1"", ""main_heroid"": 58, ""match_type"": ""1"", ""win_rate"": [{""app_rate"": 0.005085, ""ban_rate"": 0.011309, ""date"": ""2025-11-12"", ""win_rate"": 0.457516}, {""app_rate"": 0.00512, ""ban_rate"": 0.011816, ""date"": ""2025-11-11"", ""win_rate"": 0.456598}, {""app_rate"": 0.005119, ""ban_rate"": 0.012491, ""date"": ""2025-11-10"", ""win_rate"": 0.455649}, {""app_rate"": 0.005156, ""ban_rate"": 0.013257, ""date"": ""2025-11-09"", ""win_rate"": 0.455569}, {""app_rate"": 0.005313, ""ban_rate"": 0.014144, ""date"": ""2025-11-08"", ""win_rate"": 0.455024}, {""app_rate"": 0.005445, ""ban_rate"": 0.01511, ""date"": ""2025-11-07"", ""win_rate"": 0.454406}, {""app_rate"": 0.005653, ""ban_rate"": 0.016186, ""date"": ""2025-11-06"", ""win_rate"": 0.453086}]}","2674709","2025-11-13"
"57","Valir","[{'_id': '66854225aa8e7f6ec4703d93', 'caption': '中路', 'configId': 144237, 'createdAt': 1720009253985, 'createdUser': 'nickjin', 'data': {'_object': 2732073, 'road_sort_icon': 'https://akmweb.youngjoygame.com/web/gms/image/facab1eacb218d767b5acb80304bfafd.svg', 'road_sort_id': '2', 'road_sort_title': 'Mid Lane'}, 'dynamic': None, 'id': 2732084, 'linkId': [2732073], 'sort': 0, 'updatedAt': 1723022943932, 'updatedUser': 'nickjin'}, '']","https://akmweb.youngjoygame.com/web/svnres/img/mlbb/homepage/100_cd4c780c0ed639e2889c1131e56638ec.png","[{'_id': '6698c015613093b976b4a974', 'caption': '4法师', 'configId': 144237, 'createdAt': 1721286677393, 'createdUser': 'nickjin', 'data': {'_object': 2740651, 'sort_icon': 'https://akmweb.youngjoygame.com/web/gms/image/1c6985dd0caec2028ccb6d1b8ca95e0f.png', 'sort_id': '4', 'sort_title': 'mage'}, 'dynamic': None, 'id': 2740663, 'linkId': [2740651], 'sort': 0, 'updatedAt': 1723023128824, 'updatedUser': 'nickjin'}, '']","[98, 95, 0]","[2, 117, 0, 0]","[47, 17, 0, 0]","1713515848286","66222d49554108f063531aff","1763042701290","{""bigrank"": ""8"", ""camp_type"": ""1"", ""main_heroid"": 57, ""match_type"": ""1"", ""win_rate"": [{""app_rate"": 0.008196, ""ban_rate"": 0.007491, ""date"": ""2025-11-12"", ""win_rate"": 0.518208}, {""app_rate"": 0.008138, ""ban_rate"": 0.007341, ""date"": ""2025-11-11"", ""win_rate"": 0.517806}, {""app_rate"": 0.008027, ""ban_rate"": 0.007179, ""date"": ""2025-11-10"", ""win_rate"": 0.51838}, {""app_rate"": 0.007945, ""ban_rate"": 0.007051, ""date"": ""2025-11-09"", ""win_rate"": 0.518379}, {""app_rate"": 0.007886, ""ban_rate"": 0.006894, ""date"": ""2025-11-08"", ""win_rate"": 0.518526}, {""app_rate"": 0.007835, ""ban_rate"": 0.006735, ""date"": ""2025-11-07"", ""win_rate"": 0.518976}, {""app_rate"": 0.007793, ""ban_rate"": 0.006579, ""date"": ""2025-11-06"", ""win_rate"": 0.518838}]}","2674709","2025-11-13"
"56","Gusion","[{'_id': '668541caaa8e7f6ec4703d8a', 'caption': '打野', 'configId': 144237, 'createdAt': 1720009162509, 'createdUser': 'nickjin', 'data': {'_object': 2732073, 'road_sort_icon': 'https://akmweb.youngjoygame.com/web/gms/image/de611167c7310681135f0b4198137bfa.svg', 'road_sort_id': '4', 'road_sort_title': 'Jungle'}, 'dynamic': None, 'id': 2732080, 'linkId': [2732073], 'sort': 0, 'updatedAt': 1723022951463, 'updatedUser': 'nickjin'}, {'_id': '66854225aa8e7f6ec4703d93', 'caption': '中路', 'configId': 144237, 'createdAt': 1720009253985, 'createdUser': 'nickjin', 'data': {'_object': 2732073, 'road_sort_icon': 'https://akmweb.youngjoygame.com/web/gms/image/facab1eacb218d767b5acb80304bfafd.svg', 'road_sort_id': '2', 'road_sort_title': 'Mid Lane'}, 'dynamic': None, 'id': 2732084, 'linkId': [2732073], 'sort': 0, 'updatedAt': 1723022943932, 'updatedUser': 'nickjin'}]","https://akmweb.youngjoygame.com/web/svnres/img/mlbb/homepage/100_82dbd20a7d0f274520895007898199e0.png","[{'_id': '6698bffd613093b976b4a970', 'caption': '3刺客', 'configId': 144237, 'createdAt': 1721286653803, 'createdUser': 'nickjin', 'data': {'_object': 2740651, 'sort_icon': 'https://akmweb.youngjoygame.com/web/gms/image/d0b8b65a47fc43dc7bb2bac447072fd2.png', 'sort_id': '3', 'sort_title': 'assassin'}, 'dynamic': None, 'id': 2740661, 'linkId': [2740651], 'sort': 0, 'updatedAt': 1723023131050, 'updatedUser': 'nickjin'}, '']","[38, 52, 0]","[18, 60, 0, 0]","[10, 62, 0, 0]","1713515848286","66222d49554108f063531b5c","1763042701290","{""bigrank"": ""8"", ""camp_type"": ""1"", ""main_heroid"": 56, ""match_type"": ""1"", ""win_rate"": [{""app_rate"": 0.020318, ""ban_rate"": 0.083386, ""date"": ""2025-11-12"", ""win_rate"": 0.490368}, {""app_rate"": 0.020343, ""ban_rate"": 0.081028, ""date"": ""2025-11-11"", ""win_rate"": 0.489986}, {""app_rate"": 0.020515, ""ban_rate"": 0.078959, ""date"": ""2025-11-10"", ""win_rate"": 0.489252}, {""app_rate"": 0.020629, ""ban_rate"": 0.077049, ""date"": ""2025-11-09"", ""win_rate"": 0.488789}, {""app_rate"": 0.020138, ""ban_rate"": 0.074241, ""date"": ""2025-11-08"", ""win_rate"": 0.489162}, {""app_rate"": 0.019806, ""ban_rate"": 0.072005, ""date"": ""2025-11-07"", ""win_rate"": 0.48955}, {""app_rate"": 0.019497, ""ban_rate"": 0.070443, ""date"": ""2025-11-06"", ""win_rate"": 0.490091}]}","2674709","2025-11-13"
"55","Angela","[{'_id': '66854202aa8e7f6ec4703d8f', 'caption': '辅助', 'configId': 144237, 'createdAt': 1720009218480, 'createdUser': 'nickjin', 'data': {'_object': 2732073, 'road_sort_icon': 'https://akmweb.youngjoygame.com/web/gms/image/a3dbb075b4d8186c29f02f7d47da236a.svg', 'road_sort_id': '3', 'road_sort_title': 'Roam'}, 'dynamic': None, 'id': 2732083, 'linkId': [2732073], 'sort': 0, 'updatedAt': 1723022949109, 'updatedUser': 'nickjin'}, '']","https://akmweb.youngjoygame.com/web/svnres/img/mlbb/homepage/100_a815a3adad8df99481700c84abaf3c41.png","[{'_id': '6698c06a613093b976b4a97c', 'caption': '6辅助', 'configId': 144237, 'createdAt': 1721286762785, 'createdUser': 'nickjin', 'data': {'_object': 2740651, 'sort_icon': 'https://akmweb.youngjoygame.com/web/gms/image/1e4609b25a4cd63ee5a13015d4058159.png', 'sort_id': '6', 'sort_title': 'support'}, 'dynamic': None, 'id': 2740666, 'linkId': [2740651], 'sort': 0, 'updatedAt': 1723023113317, 'updatedUser': 'nickjin'}, '']","[47, 109, 0]","[59, 70, 0, 0]","[84, 42, 0, 0]","1713515848286","66222d49554108f063531b4c","1763042701290","{""bigrank"": ""8"", ""camp_type"": ""1"", ""main_heroid"": 55, ""match_type"": ""1"", ""win_rate"": [{""app_rate"": 0.017272, ""ban_rate"": 0.658462, ""date"": ""2025-11-12"", ""win_rate"": 0.516423}, {""app_rate"": 0.017377, ""ban_rate"": 0.659953, ""date"": ""2025-11-11"", ""win_rate"": 0.517267}, {""app_rate"": 0.017492, ""ban_rate"": 0.661476, ""date"": ""2025-11-10"", ""win_rate"": 0.51818}, {""app_rate"": 0.01754, ""ban_rate"": 0.663587, ""date"": ""2025-11-09"", ""win_rate"": 0.520238}, {""app_rate"": 0.017647, ""ban_rate"": 0.664877, ""date"": ""2025-11-08"", ""win_rate"": 0.52154}, {""app_rate"": 0.017733, ""ban_rate"": 0.666195, ""date"": ""2025-11-07"", ""win_rate"": 0.522397}, {""app_rate"": 0.017791, ""ban_rate"": 0.667112, ""date"": ""2025-11-06"", ""win_rate"": 0.523449}]}","2674709","2025-11-13"
"54","Jawhead","[{'_id': '66854202aa8e7f6ec4703d8f', 'caption': '辅助', 'configId': 144237, 'createdAt': 1720009218480, 'createdUser': 'nickjin', 'data': {'_object': 2732073, 'road_sort_icon': 'https://akmweb.youngjoygame.com/web/gms/image/a3dbb075b4d8186c29f02f7d47da236a.svg', 'road_sort_id': '3', 'road_sort_title': 'Roam'}, 'dynamic': None, 'id': 2732083, 'linkId': [2732073], 'sort': 0, 'updatedAt': 1723022949109, 'updatedUser': 'nickjin'}, {'_id': '6685424caa8e7f6ec4703d97', 'caption': '经验路', 'configId': 144237, 'createdAt': 1720009292257, 'createdUser': 'nickjin', 'data': {'_object': 2732073, 'road_sort_icon': 'https://akmweb.youngjoygame.com/web/gms/image/6a246099f7eb83a8856306d8b4c84fc2.svg', 'road_sort_id': '1', 'road_sort_title': 'Exp Lane'}, 'dynamic': None, 'id': 2732085, 'linkId': [2732073], 'sort': 0, 'updatedAt': 1723022932111, 'updatedUser': 'nickjin'}, '']","https://akmweb.youngjoygame.com/web/svnres/img/mlbb/homepage_2_1_18_2/100_4448132d3f9d89dc706883d148e50884.png","[{'_id': '6698bfe8613093b976b4a96c', 'caption': '2战士', 'configId': 144237, 'createdAt': 1721286632237, 'createdUser': 'nickjin', 'data': {'_object': 2740651, 'sort_icon': 'https://akmweb.youngjoygame.com/web/gms/image/629e282165d4b63deceaf350426ea440.png', 'sort_id': '2', 'sort_title': 'fighter'}, 'dynamic': None, 'id': 2740659, 'linkId': [2740651], 'sort': 0, 'updatedAt': 1723023133206, 'updatedUser': 'nickjin'}, '']","[46, 70, 0]","[3, 15, 0, 0]","[111, 72, 0, 0]","1713515848286","66222d49554108f063531a09","1763042701290","{""bigrank"": ""8"", ""camp_type"": ""1"", ""main_heroid"": 54, ""match_type"": ""1"", ""win_rate"": [{""app_rate"": 0.004151, ""ban_rate"": 0.001937, ""date"": ""2025-11-12"", ""win_rate"": 0.485797}, {""app_rate"": 0.004101, ""ban_rate"": 0.001885, ""date"": ""2025-11-11"", ""win_rate"": 0.485592}, {""app_rate"": 0.004039, ""ban_rate"": 0.001879, ""date"": ""2025-11-10"", ""win_rate"": 0.485758}, {""app_rate"": 0.003991, ""ban_rate"": 0.001856, ""date"": ""2025-11-09"", ""win_rate"": 0.485419}, {""app_rate"": 0.003928, ""ban_rate"": 0.001836, ""date"": ""2025-11-08"", ""win_rate"": 0.4843}, {""app_rate"": 0.003877, ""ban_rate"": 0.001816, ""date"": ""2025-11-07"", ""win_rate"": 0.484623}, {""app_rate"": 0.003854, ""ban_rate"": 0.001784, ""date"": ""2025-11-06"", ""win_rate"": 0.484363}]}","2674709","2025-11-13"
"53","Lesley","[{'_id': '668541a2aa8e7f6ec4703d86', 'caption': '金币路', 'configId': 144237, 'createdAt': 1720009122589, 'createdUser': 'nickjin', 'data': {'_object': 2732073, 'road_sort_icon': 'https://akmweb.youngjoygame.com/web/gms/image/91f817c656908a83c2e24eecb3b70986.svg', 'road_sort_id': '5', 'road_sort_title': 'Gold Lane'}, 'dynamic': None, 'id': 2732079, 'linkId': [2732073], 'sort': 0, 'updatedAt': 1723022953428, 'updatedUser': 'nickjin'}, '']","https://akmweb.youngjoygame.com/web/svnres/img/mlbb/homepage_2_1_18_2/100_2bd608ac82a1af4783c5d0fff0c280dc.png","[{'_id': '6698c04f613093b976b4a978', 'caption': '5射手', 'configId': 144237, 'createdAt': 1721286735503, 'createdUser': 'nickjin', 'data': {'_object': 2740651, 'sort_icon': 'https://akmweb.youngjoygame.com/web/gms/image/025c69a764924f4bac526a2662f1a0b9.png', 'sort_id': '5', 'sort_title': 'Marksman'}, 'dynamic': None, 'id': 2740665, 'linkId': [2740651], 'sort': 0, 'updatedAt': 1723023126452, 'updatedUser': 'nickjin'}, {'_id': '6698bffd613093b976b4a970', 'caption': '3刺客', 'configId': 144237, 'createdAt': 1721286653803, 'createdUser': 'nickjin', 'data': {'_object': 2740651, 'sort_icon': 'https://akmweb.youngjoygame.com/web/gms/image/d0b8b65a47fc43dc7bb2bac447072fd2.png', 'sort_id': '3', 'sort_title': 'assassin'}, 'dynamic': None, 'id': 2740661, 'linkId': [2740651], 'sort': 0, 'updatedAt': 1723023131050, 'updatedUser': 'nickjin'}]","[19, 87, 0]","[41, 117, 0, 0]","[84, 47, 0, 0]","1713515848286","66222d49554108f063531b65","1763042701290","{""bigrank"": ""8"", ""camp_type"": ""1"", ""main_heroid"": 53, ""match_type"": ""1"", ""win_rate"": [{""app_rate"": 0.017414, ""ban_rate"": 0.028137, ""date"": ""2025-11-12"", ""win_rate"": 0.483326}, {""app_rate"": 0.017279, ""ban_rate"": 0.027475, ""date"": ""2025-11-11"", ""win_rate"": 0.483521}, {""app_rate"": 0.017209, ""ban_rate"": 0.027471, ""date"": ""2025-11-10"", ""win_rate"": 0.483637}, {""app_rate"": 0.017107, ""ban_rate"": 0.027215, ""date"": ""2025-11-09"", ""win_rate"": 0.484076}, {""app_rate"": 0.017013, ""ban_rate"": 0.02674, ""date"": ""2025-11-08"", ""win_rate"": 0.483775}, {""app_rate"": 0.01691, ""ban_rate"": 0.026091, ""date"": ""2025-11-07"", ""win_rate"": 0.483651}, {""app_rate"": 0.016794, ""ban_rate"": 0.025479, ""date"": ""2025-11-06"", ""win_rate"": 0.483091}]}","2674709","2025-11-13"
"52","Pharsa","[{'_id': '66854225aa8e7f6ec4703d93', 'caption': '中路', 'configId': 144237, 'createdAt': 1720009253985, 'createdUser': 'nickjin', 'data': {'_object': 2732073, 'road_sort_icon': 'https://akmweb.youngjoygame.com/web/gms/image/facab1eacb218d767b5acb80304bfafd.svg', 'road_sort_id': '2', 'road_sort_title': 'Mid Lane'}, 'dynamic': None, 'id': 2732084, 'linkId': [2732073], 'sort': 0, 'updatedAt': 1723022943932, 'updatedUser': 'nickjin'}, '']","https://akmweb.youngjoygame.com/web/svnres/img/mlbb/homepage/100_cccf53dbeacc789288ebc1fb63fcf7dd.png","[{'_id': '6698c015613093b976b4a974', 'caption': '4法师', 'configId': 144237, 'createdAt': 1721286677393, 'createdUser': 'nickjin', 'data': {'_object': 2740651, 'sort_icon': 'https://akmweb.youngjoygame.com/web/gms/image/1c6985dd0caec2028ccb6d1b8ca95e0f.png', 'sort_id': '4', 'sort_title': 'mage'}, 'dynamic': None, 'id': 2740663, 'linkId': [2740651], 'sort': 0, 'updatedAt': 1723023128824, 'updatedUser': 'nickjin'}, '']","[93, 10, 0]","[18, 60, 115, 0]","[10, 16, 74, 0]","1713515848286","66222d49554108f063531813","1763042701290","{""bigrank"": ""8"", ""camp_type"": ""1"", ""main_heroid"": 52, ""match_type"": ""1"", ""win_rate"": [{""app_rate"": 0.011942, ""ban_rate"": 0.007541, ""date"": ""2025-11-12"", ""win_rate"": 0.490561}, {""app_rate"": 0.012083, ""ban_rate"": 0.007515, ""date"": ""2025-11-11"", ""win_rate"": 0.490832}, {""app_rate"": 0.012168, ""ban_rate"": 0.007477, ""date"": ""2025-11-10"", ""win_rate"": 0.491074}, {""app_rate"": 0.012306, ""ban_rate"": 0.007417, ""date"": ""2025-11-09"", ""win_rate"": 0.491091}, {""app_rate"": 0.012102, ""ban_rate"": 0.007338, ""date"": ""2025-11-08"", ""win_rate"": 0.490991}, {""app_rate"": 0.011962, ""ban_rate"": 0.007221, ""date"": ""2025-11-07"", ""win_rate"": 0.491167}, {""app_rate"": 0.011843, ""ban_rate"": 0.007124, ""date"": ""2025-11-06"", ""win_rate"": 0.491019}]}","2674709","2025-11-13"
"51","Helcurt","[{'_id': '668541caaa8e7f6ec4703d8a', 'caption': '打野', 'configId': 144237, 'createdAt': 1720009162509, 'createdUser': 'nickjin', 'data': {'_object': 2732073, 'road_sort_icon': 'https://akmweb.youngjoygame.com/web/gms/image/de611167c7310681135f0b4198137bfa.svg', 'road_sort_id': '4', 'road_sort_title': 'Jungle'}, 'dynamic': None, 'id': 2732080, 'linkId': [2732073], 'sort': 0, 'updatedAt': 1723022951463, 'updatedUser': 'nickjin'}, '']","https://akmweb.youngjoygame.com/web/svnres/img/mlbb/homepage/100_ffd27cd02c46f7075caedcd51de80d9a.png","[{'_id': '6698bffd613093b976b4a970', 'caption': '3刺客', 'configId': 144237, 'createdAt': 1721286653803, 'createdUser': 'nickjin', 'data': {'_object': 2740651, 'sort_icon': 'https://akmweb.youngjoygame.com/web/gms/image/d0b8b65a47fc43dc7bb2bac447072fd2.png', 'sort_id': '3', 'sort_title': 'assassin'}, 'dynamic': None, 'id': 2740661, 'linkId': [2740651], 'sort': 0, 'updatedAt': 1723023131050, 'updatedUser': 'nickjin'}, '']","[6, 81, 82]","[18, 61, 66, 0]","[117, 70, 41, 0]","1713515848286","66222d49554108f063531814","1763042701290","{""bigrank"": ""8"", ""camp_type"": ""1"", ""main_heroid"": 51, ""match_type"": ""1"", ""win_rate"": [{""app_rate"": 0.00762, ""ban_rate"": 0.052781, ""date"": ""2025-11-12"", ""win_rate"": 0.513483}, {""app_rate"": 0.007519, ""ban_rate"": 0.052094, ""date"": ""2025-11-11"", ""win_rate"": 0.513772}, {""app_rate"": 0.007371, ""ban_rate"": 0.050207, ""date"": ""2025-11-10"", ""win_rate"": 0.513354}, {""app_rate"": 0.007227, ""ban_rate"": 0.048586, ""date"": ""2025-11-09"", ""win_rate"": 0.512921}, {""app_rate"": 0.007167, ""ban_rate"": 0.047139, ""date"": ""2025-11-08"", ""win_rate"": 0.512381}, {""app_rate"": 0.007092, ""ban_rate"": 0.0461, ""date"": ""2025-11-07"", ""win_rate"": 0.512473}, {""app_rate"": 0.007051, ""ban_rate"": 0.045248, ""date"": ""2025-11-06"", ""win_rate"": 0.512513}]}","2674709","2025-11-13"
"50","Zhask","[{'_id': '66854225aa8e7f6ec4703d93', 'caption': '中路', 'configId': 144237, 'createdAt': 1720009253985, 'createdUser': 'nickjin', 'data': {'_object': 2732073, 'road_sort_icon': 'https://akmweb.youngjoygame.com/web/gms/image/facab1eacb218d767b5acb80304bfafd.svg', 'road_sort_id': '2', 'road_sort_title': 'Mid Lane'}, 'dynamic': None, 'id': 2732084, 'linkId': [2732073], 'sort': 0, 'updatedAt': 1723022943932, 'updatedUser': 'nickjin'}, '']","https://akmweb.youngjoygame.com/web/svnres/img/mlbb/homepage/100_7e69b480400b37dd75614f0c8d033c37.png","[{'_id': '6698c015613093b976b4a974', 'caption': '4法师', 'configId': 144237, 'createdAt': 1721286677393, 'createdUser': 'nickjin', 'data': {'_object': 2740651, 'sort_icon': 'https://akmweb.youngjoygame.com/web/gms/image/1c6985dd0caec2028ccb6d1b8ca95e0f.png', 'sort_id': '4', 'sort_title': 'mage'}, 'dynamic': None, 'id': 2740663, 'linkId': [2740651], 'sort': 0, 'updatedAt': 1723023128824, 'updatedUser': 'nickjin'}, '']","[70, 20, 0]","[64, 103, 0, 0]","[52, 91, 0, 0]","1713515848286","66222d48554108f063530474","1763042701290","{""bigrank"": ""8"", ""camp_type"": ""1"", ""main_heroid"": 50, ""match_type"": ""1"", ""win_rate"": [{""app_rate"": 0.002702, ""ban_rate"": 0.00128, ""date"": ""2025-11-12"", ""win_rate"": 0.493311}, {""app_rate"": 0.00266, ""ban_rate"": 0.001273, ""date"": ""2025-11-11"", ""win_rate"": 0.493872}, {""app_rate"": 0.002616, ""ban_rate"": 0.001266, ""date"": ""2025-11-10"", ""win_rate"": 0.494783}, {""app_rate"": 0.002579, ""ban_rate"": 0.001256, ""date"": ""2025-11-09"", ""win_rate"": 0.494934}, {""app_rate"": 0.002554, ""ban_rate"": 0.001238, ""date"": ""2025-11-08"", ""win_rate"": 0.493782}, {""app_rate"": 0.002532, ""ban_rate"": 0.001217, ""date"": ""2025-11-07"", ""win_rate"": 0.494013}, {""app_rate"": 0.002523, ""ban_rate"": 0.001199, ""date"": ""2025-11-06"", ""win_rate"": 0.493785}]}","2674709","2025-11-13"
"49","Hylos","[{'_id': '66854202aa8e7f6ec4703d8f', 'caption': '辅助', 'configId': 144237, 'createdAt': 1720009218480, 'createdUser': 'nickjin', 'data': {'_object': 2732073, 'road_sort_icon': 'https://akmweb.youngjoygame.com/web/gms/image/a3dbb075b4d8186c29f02f7d47da236a.svg', 'road_sort_id': '3', 'road_sort_title': 'Roam'}, 'dynamic': None, 'id': 2732083, 'linkId': [2732073], 'sort': 0, 'updatedAt': 1723022949109, 'updatedUser': 'nickjin'}, '']","https://akmweb.youngjoygame.com/web/svnres/img/mlbb/homepage/100_22d8716de16d99253671c2f9e59d9ef3.png","[{'_id': '6698bfbc613093b976b4a949', 'caption': '1坦克', 'configId': 144237, 'createdAt': 1721286588147, 'createdUser': 'nickjin', 'data': {'_object': 2740651, 'sort_icon': 'https://akmweb.youngjoygame.com/web/gms/image/60638c59536d9505c9c731af13f7fdfd.png', 'sort_id': '1', 'sort_title': 'tank'}, 'dynamic': None, 'id': 2740657, 'linkId': [2740651], 'sort': 0, 'updatedAt': 1723023135175, 'updatedUser': 'nickjin'}, '']","[82, 74, 0]","[18, 23, 0, 0]","[40, 53, 0, 0]","1713515848286","66222d49554108f063531874","1763042701290","{""bigrank"": ""8"", ""camp_type"": ""1"", ""main_heroid"": 49, ""match_type"": ""1"", ""win_rate"": [{""app_rate"": 0.004363, ""ban_rate"": 0.00506, ""date"": ""2025-11-12"", ""win_rate"": 0.481995}, {""app_rate"": 0.004347, ""ban_rate"": 0.004956, ""date"": ""2025-11-11"", ""win_rate"": 0.481559}, {""app_rate"": 0.004307, ""ban_rate"": 0.005023, ""date"": ""2025-11-10"", ""win_rate"": 0.482248}, {""app_rate"": 0.004295, ""ban_rate"": 0.005019, ""date"": ""2025-11-09"", ""win_rate"": 0.482228}, {""app_rate"": 0.004328, ""ban_rate"": 0.005004, ""date"": ""2025-11-08"", ""win_rate"": 0.482929}, {""app_rate"": 0.004343, ""ban_rate"": 0.004961, ""date"": ""2025-11-07"", ""win_rate"": 0.482479}, {""app_rate"": 0.004358, ""ban_rate"": 0.004893, ""date"": ""2025-11-06"", ""win_rate"": 0.482519}]}","2674709","2025-11-13"
"48","Diggie","[{'_id': '66854202aa8e7f6ec4703d8f', 'caption': '辅助', 'configId': 144237, 'createdAt': 1720009218480, 'createdUser': 'nickjin', 'data': {'_object': 2732073, 'road_sort_icon': 'https://akmweb.youngjoygame.com/web/gms/image/a3dbb075b4d8186c29f02f7d47da236a.svg', 'road_sort_id': '3', 'road_sort_title': 'Roam'}, 'dynamic': None, 'id': 2732083, 'linkId': [2732073], 'sort': 0, 'updatedAt': 1723022949109, 'updatedUser': 'nickjin'}, '']","https://akmweb.youngjoygame.com/web/svnres/img/mlbb/homepage/100_7a7a688cf1562a124f7183b2c2957608.png","[{'_id': '6698c06a613093b976b4a97c', 'caption': '6辅助', 'configId': 144237, 'createdAt': 1721286762785, 'createdUser': 'nickjin', 'data': {'_object': 2740651, 'sort_icon': 'https://akmweb.youngjoygame.com/web/gms/image/1e4609b25a4cd63ee5a13015d4058159.png', 'sort_id': '6', 'sort_title': 'support'}, 'dynamic': None, 'id': 2740666, 'linkId': [2740651], 'sort': 0, 'updatedAt': 1723023113317, 'updatedUser': 'nickjin'}, '']","[18, 1, 0]","[93, 20, 0, 0]","[84, 109, 0, 0]","1713515848286","66222d49554108f063531a7d","1763042701290","{""bigrank"": ""8"", ""camp_type"": ""1"", ""main_heroid"": 48, ""match_type"": ""1"", ""win_rate"": [{""app_rate"": 0.002259, ""ban_rate"": 0.093497, ""date"": ""2025-11-12"", ""win_rate"": 0.53701}, {""app_rate"": 0.002251, ""ban_rate"": 0.093432, ""date"": ""2025-11-11"", ""win_rate"": 0.535598}, {""app_rate"": 0.002263, ""ban_rate"": 0.095011, ""date"": ""2025-11-10"", ""win_rate"": 0.536563}, {""app_rate"": 0.002272, ""ban_rate"": 0.09565, ""date"": ""2025-11-09"", ""win_rate"": 0.536773}, {""app_rate"": 0.002314, ""ban_rate"": 0.096387, ""date"": ""2025-11-08"", ""win_rate"": 0.538718}, {""app_rate"": 0.002337, ""ban_rate"": 0.09676, ""date"": ""2025-11-07"", ""win_rate"": 0.539618}, {""app_rate"": 0.002349, ""ban_rate"": 0.096278, ""date"": ""2025-11-06"", ""win_rate"": 0.540706}]}","2674709","2025-11-13"
"47","Lancelot","[{'_id': '668541caaa8e7f6ec4703d8a', 'caption': '打野', 'configId': 144237, 'createdAt': 1720009162509, 'createdUser': 'nickjin', 'data': {'_object': 2732073, 'road_sort_icon': 'https://akmweb.youngjoygame.com/web/gms/image/de611167c7310681135f0b4198137bfa.svg', 'road_sort_id': '4', 'road_sort_title': 'Jungle'}, 'dynamic': None, 'id': 2732080, 'linkId': [2732073], 'sort': 0, 'updatedAt': 1723022951463, 'updatedUser': 'nickjin'}, '']","https://akmweb.youngjoygame.com/web/svnres/img/mlbb/homepage_2_1_18_2/100_aa4070a1eb5a53e1824bc9b2d9a47ed2.png","[{'_id': '6698bffd613093b976b4a970', 'caption': '3刺客', 'configId': 144237, 'createdAt': 1721286653803, 'createdUser': 'nickjin', 'data': {'_object': 2740651, 'sort_icon': 'https://akmweb.youngjoygame.com/web/gms/image/d0b8b65a47fc43dc7bb2bac447072fd2.png', 'sort_id': '3', 'sort_title': 'assassin'}, 'dynamic': None, 'id': 2740661, 'linkId': [2740651], 'sort': 0, 'updatedAt': 1723023131050, 'updatedUser': 'nickjin'}, '']","[93, 6, 0]","[91, 52, 0, 0]","[74, 106, 0, 0]","1713515848286","66222d49554108f0635319e6","1763042701290","{""bigrank"": ""8"", ""camp_type"": ""1"", ""main_heroid"": 47, ""match_type"": ""1"", ""win_rate"": [{""app_rate"": 0.018817, ""ban_rate"": 0.506802, ""date"": ""2025-11-12"", ""win_rate"": 0.471137}, {""app_rate"": 0.019066, ""ban_rate"": 0.505257, ""date"": ""2025-11-11"", ""win_rate"": 0.471447}, {""app_rate"": 0.019351, ""ban_rate"": 0.494865, ""date"": ""2025-11-10"", ""win_rate"": 0.47111}, {""app_rate"": 0.019603, ""ban_rate"": 0.488214, ""date"": ""2025-11-09"", ""win_rate"": 0.471114}, {""app_rate"": 0.019535, ""ban_rate"": 0.485396, ""date"": ""2025-11-08"", ""win_rate"": 0.470993}, {""app_rate"": 0.019541, ""ban_rate"": 0.48377, ""date"": ""2025-11-07"", ""win_rate"": 0.471323}, {""app_rate"": 0.019505, ""ban_rate"": 0.482676, ""date"": ""2025-11-06"", ""win_rate"": 0.471617}]}","2674709","2025-11-13"
"46","Odette","[{'_id': '66854225aa8e7f6ec4703d93', 'caption': '中路', 'configId': 144237, 'createdAt': 1720009253985, 'createdUser': 'nickjin', 'data': {'_object': 2732073, 'road_sort_icon': 'https://akmweb.youngjoygame.com/web/gms/image/facab1eacb218d767b5acb80304bfafd.svg', 'road_sort_id': '2', 'road_sort_title': 'Mid Lane'}, 'dynamic': None, 'id': 2732084, 'linkId': [2732073], 'sort': 0, 'updatedAt': 1723022943932, 'updatedUser': 'nickjin'}, '']","https://akmweb.youngjoygame.com/web/svnres/img/mlbb/homepage_1_9_47/100_6fd1d8e4d436d1de3102a7880cd61cbd.png","[{'_id': '6698c015613093b976b4a974', 'caption': '4法师', 'configId': 144237, 'createdAt': 1721286677393, 'createdUser': 'nickjin', 'data': {'_object': 2740651, 'sort_icon': 'https://akmweb.youngjoygame.com/web/gms/image/1c6985dd0caec2028ccb6d1b8ca95e0f.png', 'sort_id': '4', 'sort_title': 'mage'}, 'dynamic': None, 'id': 2740663, 'linkId': [2740651], 'sort': 0, 'updatedAt': 1723023128824, 'updatedUser': 'nickjin'}, '']","[32, 54, 0]","[18, 43, 0, 0]","[19, 111, 0, 0]","1713515848286","66222d49554108f0635319c8","1763042701290","{""bigrank"": ""8"", ""camp_type"": ""1"", ""main_heroid"": 46, ""match_type"": ""1"", ""win_rate"": [{""app_rate"": 0.006469, ""ban_rate"": 0.001854, ""date"": ""2025-11-12"", ""win_rate"": 0.516436}, {""app_rate"": 0.006432, ""ban_rate"": 0.001804, ""date"": ""2025-11-11"", ""win_rate"": 0.516938}, {""app_rate"": 0.006484, ""ban_rate"": 0.001826, ""date"": ""2025-11-10"", ""win_rate"": 0.517424}, {""app_rate"": 0.006515, ""ban_rate"": 0.001819, ""date"": ""2025-11-09"", ""win_rate"": 0.517813}, {""app_rate"": 0.006495, ""ban_rate"": 0.00179, ""date"": ""2025-11-08"", ""win_rate"": 0.517916}, {""app_rate"": 0.00646, ""ban_rate"": 0.001764, ""date"": ""2025-11-07"", ""win_rate"": 0.517628}, {""app_rate"": 0.006402, ""ban_rate"": 0.001733, ""date"": ""2025-11-06"", ""win_rate"": 0.517257}]}","2674709","2025-11-13"
"45","Argus","[{'_id': '6685424caa8e7f6ec4703d97', 'caption': '经验路', 'configId': 144237, 'createdAt': 1720009292257, 'createdUser': 'nickjin', 'data': {'_object': 2732073, 'road_sort_icon': 'https://akmweb.youngjoygame.com/web/gms/image/6a246099f7eb83a8856306d8b4c84fc2.svg', 'road_sort_id': '1', 'road_sort_title': 'Exp Lane'}, 'dynamic': None, 'id': 2732085, 'linkId': [2732073], 'sort': 0, 'updatedAt': 1723022932111, 'updatedUser': 'nickjin'}, '']","https://akmweb.youngjoygame.com/web/svnres/img/mlbb/homepage/100_ee4f9ddb2f82ef0dfc99bb72e0a8f557.png","[{'_id': '6698bfe8613093b976b4a96c', 'caption': '2战士', 'configId': 144237, 'createdAt': 1721286632237, 'createdUser': 'nickjin', 'data': {'_object': 2740651, 'sort_icon': 'https://akmweb.youngjoygame.com/web/gms/image/629e282165d4b63deceaf350426ea440.png', 'sort_id': '2', 'sort_title': 'fighter'}, 'dynamic': None, 'id': 2740659, 'linkId': [2740651], 'sort': 0, 'updatedAt': 1723023133206, 'updatedUser': 'nickjin'}, '']","[55, 14, 0]","[23, 36, 0, 0]","[41, 6, 0, 0]","1713515848286","66222d48554108f063530692","1763042701290","{""bigrank"": ""8"", ""camp_type"": ""1"", ""main_heroid"": 45, ""match_type"": ""1"", ""win_rate"": [{""app_rate"": 0.002905, ""ban_rate"": 0.009264, ""date"": ""2025-11-12"", ""win_rate"": 0.533246}, {""app_rate"": 0.002843, ""ban_rate"": 0.009012, ""date"": ""2025-11-11"", ""win_rate"": 0.532037}, {""app_rate"": 0.002774, ""ban_rate"": 0.008761, ""date"": ""2025-11-10"", ""win_rate"": 0.5309}, {""app_rate"": 0.002731, ""ban_rate"": 0.008686, ""date"": ""2025-11-09"", ""win_rate"": 0.530558}, {""app_rate"": 0.002754, ""ban_rate"": 0.008513, ""date"": ""2025-11-08"", ""win_rate"": 0.530387}, {""app_rate"": 0.00275, ""ban_rate"": 0.008321, ""date"": ""2025-11-07"", ""win_rate"": 0.530361}, {""app_rate"": 0.002725, ""ban_rate"": 0.008223, ""date"": ""2025-11-06"", ""win_rate"": 0.530835}]}","2674709","2025-11-13"
"44","Grock","[{'_id': '66854202aa8e7f6ec4703d8f', 'caption': '辅助', 'configId': 144237, 'createdAt': 1720009218480, 'createdUser': 'nickjin', 'data': {'_object': 2732073, 'road_sort_icon': 'https://akmweb.youngjoygame.com/web/gms/image/a3dbb075b4d8186c29f02f7d47da236a.svg', 'road_sort_id': '3', 'road_sort_title': 'Roam'}, 'dynamic': None, 'id': 2732083, 'linkId': [2732073], 'sort': 0, 'updatedAt': 1723022949109, 'updatedUser': 'nickjin'}, {'_id': '6685424caa8e7f6ec4703d97', 'caption': '经验路', 'configId': 144237, 'createdAt': 1720009292257, 'createdUser': 'nickjin', 'data': {'_object': 2732073, 'road_sort_icon': 'https://akmweb.youngjoygame.com/web/gms/image/6a246099f7eb83a8856306d8b4c84fc2.svg', 'road_sort_id': '1', 'road_sort_title': 'Exp Lane'}, 'dynamic': None, 'id': 2732085, 'linkId': [2732073], 'sort': 0, 'updatedAt': 1723022932111, 'updatedUser': 'nickjin'}]","https://akmweb.youngjoygame.com/web/svnres/img/mlbb/homepage_1_9_902/100_517b20f98bf1859bc57f5cc1b477b0e8.png","[{'_id': '6698bfbc613093b976b4a949', 'caption': '1坦克', 'configId': 144237, 'createdAt': 1721286588147, 'createdUser': 'nickjin', 'data': {'_object': 2740651, 'sort_icon': 'https://akmweb.youngjoygame.com/web/gms/image/60638c59536d9505c9c731af13f7fdfd.png', 'sort_id': '1', 'sort_title': 'tank'}, 'dynamic': None, 'id': 2740657, 'linkId': [2740651], 'sort': 0, 'updatedAt': 1723023135175, 'updatedUser': 'nickjin'}, {'_id': '6698bfe8613093b976b4a96c', 'caption': '2战士', 'configId': 144237, 'createdAt': 1721286632237, 'createdUser': 'nickjin', 'data': {'_object': 2740651, 'sort_icon': 'https://akmweb.youngjoygame.com/web/gms/image/629e282165d4b63deceaf350426ea440.png', 'sort_id': '2', 'sort_title': 'fighter'}, 'dynamic': None, 'id': 2740659, 'linkId': [2740651], 'sort': 0, 'updatedAt': 1723023133206, 'updatedUser': 'nickjin'}]","[46, 52]","[23, 18]","[71, 42]","1713515848286","66222d48554108f063530677","1763042701290","{""bigrank"": ""8"", ""camp_type"": ""1"", ""main_heroid"": 44, ""match_type"": ""1"", ""win_rate"": [{""app_rate"": 0.010391, ""ban_rate"": 0.394374, ""date"": ""2025-11-12"", ""win_rate"": 0.489734}, {""app_rate"": 0.010412, ""ban_rate"": 0.394116, ""date"": ""2025-11-11"", ""win_rate"": 0.489134}, {""app_rate"": 0.010359, ""ban_rate"": 0.401182, ""date"": ""2025-11-10"", ""win_rate"": 0.489495}, {""app_rate"": 0.010324, ""ban_rate"": 0.405432, ""date"": ""2025-11-09"", ""win_rate"": 0.48904}, {""app_rate"": 0.010432, ""ban_rate"": 0.405772, ""date"": ""2025-11-08"", ""win_rate"": 0.489418}, {""app_rate"": 0.010532, ""ban_rate"": 0.404945, ""date"": ""2025-11-07"", ""win_rate"": 0.489554}, {""app_rate"": 0.010619, ""ban_rate"": 0.403126, ""date"": ""2025-11-06"", ""win_rate"": 0.489675}]}","2674709","2025-11-13"
"43","Irithel","[{'_id': '668541a2aa8e7f6ec4703d86', 'caption': '金币路', 'configId': 144237, 'createdAt': 1720009122589, 'createdUser': 'nickjin', 'data': {'_object': 2732073, 'road_sort_icon': 'https://akmweb.youngjoygame.com/web/gms/image/91f817c656908a83c2e24eecb3b70986.svg', 'road_sort_id': '5', 'road_sort_title': 'Gold Lane'}, 'dynamic': None, 'id': 2732079, 'linkId': [2732073], 'sort': 0, 'updatedAt': 1723022953428, 'updatedUser': 'nickjin'}, '']","https://akmweb.youngjoygame.com/web/svnres/img/mlbb/homepage/100_5af934fae1b64f1c689a346741a49858.png","[{'_id': '6698c04f613093b976b4a978', 'caption': '5射手', 'configId': 144237, 'createdAt': 1721286735503, 'createdUser': 'nickjin', 'data': {'_object': 2740651, 'sort_icon': 'https://akmweb.youngjoygame.com/web/gms/image/025c69a764924f4bac526a2662f1a0b9.png', 'sort_id': '5', 'sort_title': 'Marksman'}, 'dynamic': None, 'id': 2740665, 'linkId': [2740651], 'sort': 0, 'updatedAt': 1723023126452, 'updatedUser': 'nickjin'}, '']","[57, 49, 0]","[1, 28, 0, 0]","[77, 90, 0, 0]","1713515848286","66222d48554108f0635303b0","1763042701290","{""bigrank"": ""8"", ""camp_type"": ""1"", ""main_heroid"": 43, ""match_type"": ""1"", ""win_rate"": [{""app_rate"": 0.010409, ""ban_rate"": 0.025642, ""date"": ""2025-11-12"", ""win_rate"": 0.550937}, {""app_rate"": 0.010446, ""ban_rate"": 0.025857, ""date"": ""2025-11-11"", ""win_rate"": 0.550938}, {""app_rate"": 0.010408, ""ban_rate"": 0.026208, ""date"": ""2025-11-10"", ""win_rate"": 0.551351}, {""app_rate"": 0.010415, ""ban_rate"": 0.026778, ""date"": ""2025-11-09"", ""win_rate"": 0.551854}, {""app_rate"": 0.010518, ""ban_rate"": 0.026932, ""date"": ""2025-11-08"", ""win_rate"": 0.551401}, {""app_rate"": 0.010649, ""ban_rate"": 0.027157, ""date"": ""2025-11-07"", ""win_rate"": 0.550941}, {""app_rate"": 0.010769, ""ban_rate"": 0.027479, ""date"": ""2025-11-06"", ""win_rate"": 0.55074}]}","2674709","2025-11-13"
"42","Harley","[{'_id': '668541caaa8e7f6ec4703d8a', 'caption': '打野', 'configId': 144237, 'createdAt': 1720009162509, 'createdUser': 'nickjin', 'data': {'_object': 2732073, 'road_sort_icon': 'https://akmweb.youngjoygame.com/web/gms/image/de611167c7310681135f0b4198137bfa.svg', 'road_sort_id': '4', 'road_sort_title': 'Jungle'}, 'dynamic': None, 'id': 2732080, 'linkId': [2732073], 'sort': 0, 'updatedAt': 1723022951463, 'updatedUser': 'nickjin'}, '']","https://akmweb.youngjoygame.com/web/svnres/img/mlbb/homepage/100_503566ddaa4727778929dee4b3a01807.png","[{'_id': '6698bffd613093b976b4a970', 'caption': '3刺客', 'configId': 144237, 'createdAt': 1721286653803, 'createdUser': 'nickjin', 'data': {'_object': 2740651, 'sort_icon': 'https://akmweb.youngjoygame.com/web/gms/image/d0b8b65a47fc43dc7bb2bac447072fd2.png', 'sort_id': '3', 'sort_title': 'assassin'}, 'dynamic': None, 'id': 2740661, 'linkId': [2740651], 'sort': 0, 'updatedAt': 1723023131050, 'updatedUser': 'nickjin'}, {'_id': '6698c015613093b976b4a974', 'caption': '4法师', 'configId': 144237, 'createdAt': 1721286677393, 'createdUser': 'nickjin', 'data': {'_object': 2740651, 'sort_icon': 'https://akmweb.youngjoygame.com/web/gms/image/1c6985dd0caec2028ccb6d1b8ca95e0f.png', 'sort_id': '4', 'sort_title': 'mage'}, 'dynamic': None, 'id': 2740663, 'linkId': [2740651], 'sort': 0, 'updatedAt': 1723023128824, 'updatedUser': 'nickjin'}]","[9, 78, 0]","[91, 121, 0, 0]","[20, 59, 0, 0]","1713515848286","66222d48554108f0635304e6","1763042701290","{""bigrank"": ""8"", ""camp_type"": ""1"", ""main_heroid"": 42, ""match_type"": ""1"", ""win_rate"": [{""app_rate"": 0.009152, ""ban_rate"": 0.026771, ""date"": ""2025-11-12"", ""win_rate"": 0.505827}, {""app_rate"": 0.00894, ""ban_rate"": 0.025787, ""date"": ""2025-11-11"", ""win_rate"": 0.505967}, {""app_rate"": 0.008689, ""ban_rate"": 0.025176, ""date"": ""2025-11-10"", ""win_rate"": 0.506651}, {""app_rate"": 0.008498, ""ban_rate"": 0.02478, ""date"": ""2025-11-09"", ""win_rate"": 0.506741}, {""app_rate"": 0.008362, ""ban_rate"": 0.02409, ""date"": ""2025-11-08"", ""win_rate"": 0.506492}, {""app_rate"": 0.008247, ""ban_rate"": 0.023612, ""date"": ""2025-11-07"", ""win_rate"": 0.506688}, {""app_rate"": 0.008238, ""ban_rate"": 0.023304, ""date"": ""2025-11-06"", ""win_rate"": 0.5064}]}","2674709","2025-11-13"
"41","Gatotkaca","[{'_id': '66854202aa8e7f6ec4703d8f', 'caption': '辅助', 'configId': 144237, 'createdAt': 1720009218480, 'createdUser': 'nickjin', 'data': {'_object': 2732073, 'road_sort_icon': 'https://akmweb.youngjoygame.com/web/gms/image/a3dbb075b4d8186c29f02f7d47da236a.svg', 'road_sort_id': '3', 'road_sort_title': 'Roam'}, 'dynamic': None, 'id': 2732083, 'linkId': [2732073], 'sort': 0, 'updatedAt': 1723022949109, 'updatedUser': 'nickjin'}, {'_id': '6685424caa8e7f6ec4703d97', 'caption': '经验路', 'configId': 144237, 'createdAt': 1720009292257, 'createdUser': 'nickjin', 'data': {'_object': 2732073, 'road_sort_icon': 'https://akmweb.youngjoygame.com/web/gms/image/6a246099f7eb83a8856306d8b4c84fc2.svg', 'road_sort_id': '1', 'road_sort_title': 'Exp Lane'}, 'dynamic': None, 'id': 2732085, 'linkId': [2732073], 'sort': 0, 'updatedAt': 1723022932111, 'updatedUser': 'nickjin'}]","https://akmweb.youngjoygame.com/web/svnres/img/mlbb/homepage/100_e3ccd096c9c4649519d736073acca91a.png","[{'_id': '6698bfbc613093b976b4a949', 'caption': '1坦克', 'configId': 144237, 'createdAt': 1721286588147, 'createdUser': 'nickjin', 'data': {'_object': 2740651, 'sort_icon': 'https://akmweb.youngjoygame.com/web/gms/image/60638c59536d9505c9c731af13f7fdfd.png', 'sort_id': '1', 'sort_title': 'tank'}, 'dynamic': None, 'id': 2740657, 'linkId': [2740651], 'sort': 0, 'updatedAt': 1723023135175, 'updatedUser': 'nickjin'}, {'_id': '6698bfe8613093b976b4a96c', 'caption': '2战士', 'configId': 144237, 'createdAt': 1721286632237, 'createdUser': 'nickjin', 'data': {'_object': 2740651, 'sort_icon': 'https://akmweb.youngjoygame.com/web/gms/image/629e282165d4b63deceaf350426ea440.png', 'sort_id': '2', 'sort_title': 'fighter'}, 'dynamic': None, 'id': 2740659, 'linkId': [2740651], 'sort': 0, 'updatedAt': 1723023133206, 'updatedUser': 'nickjin'}]","[25, 66, 0]","[18, 94, 0, 0]","[48, 89, 0, 0]","1713515848286","66222d48554108f0635305ba","1763042701290","{""bigrank"": ""8"", ""camp_type"": ""1"", ""main_heroid"": 41, ""match_type"": ""1"", ""win_rate"": [{""app_rate"": 0.015435, ""ban_rate"": 0.014484, ""date"": ""2025-11-12"", ""win_rate"": 0.49895}, {""app_rate"": 0.015414, ""ban_rate"": 0.01449, ""date"": ""2025-11-11"", ""win_rate"": 0.499605}, {""app_rate"": 0.01525, ""ban_rate"": 0.01435, ""date"": ""2025-11-10"", ""win_rate"": 0.499462}, {""app_rate"": 0.015147, ""ban_rate"": 0.01421, ""date"": ""2025-11-09"", ""win_rate"": 0.499488}, {""app_rate"": 0.015001, ""ban_rate"": 0.014258, ""date"": ""2025-11-08"", ""win_rate"": 0.499692}, {""app_rate"": 0.014932, ""ban_rate"": 0.014224, ""date"": ""2025-11-07"", ""win_rate"": 0.499743}, {""app_rate"": 0.014908, ""ban_rate"": 0.014109, ""date"": ""2025-11-06"", ""win_rate"": 0.499709}]}","2674709","2025-11-13"
"40","Karrie","[{'_id': '668541a2aa8e7f6ec4703d86', 'caption': '金币路', 'configId': 144237, 'createdAt': 1720009122589, 'createdUser': 'nickjin', 'data': {'_object': 2732073, 'road_sort_icon': 'https://akmweb.youngjoygame.com/web/gms/image/91f817c656908a83c2e24eecb3b70986.svg', 'road_sort_id': '5', 'road_sort_title': 'Gold Lane'}, 'dynamic': None, 'id': 2732079, 'linkId': [2732073], 'sort': 0, 'updatedAt': 1723022953428, 'updatedUser': 'nickjin'}, '']","https://akmweb.youngjoygame.com/web/svnres/img/mlbb/homepage_2_1_18_2/100_4a4cb5e4c5df81e1fea1b75ab3b774b7.png","[{'_id': '6698c04f613093b976b4a978', 'caption': '5射手', 'configId': 144237, 'createdAt': 1721286735503, 'createdUser': 'nickjin', 'data': {'_object': 2740651, 'sort_icon': 'https://akmweb.youngjoygame.com/web/gms/image/025c69a764924f4bac526a2662f1a0b9.png', 'sort_id': '5', 'sort_title': 'Marksman'}, 'dynamic': None, 'id': 2740665, 'linkId': [2740651], 'sort': 0, 'updatedAt': 1723023126452, 'updatedUser': 'nickjin'}, '']","[3, 109, 0]","[6, 117, 0, 0]","[115, 18, 5, 0]","1713515848286","66222d48554108f063530686","1763042701290","{""bigrank"": ""8"", ""camp_type"": ""1"", ""main_heroid"": 40, ""match_type"": ""1"", ""win_rate"": [{""app_rate"": 0.005541, ""ban_rate"": 0.002733, ""date"": ""2025-11-12"", ""win_rate"": 0.484109}, {""app_rate"": 0.005556, ""ban_rate"": 0.002747, ""date"": ""2025-11-11"", ""win_rate"": 0.48533}, {""app_rate"": 0.005606, ""ban_rate"": 0.002768, ""date"": ""2025-11-10"", ""win_rate"": 0.486238}, {""app_rate"": 0.005637, ""ban_rate"": 0.002749, ""date"": ""2025-11-09"", ""win_rate"": 0.486021}, {""app_rate"": 0.005514, ""ban_rate"": 0.002735, ""date"": ""2025-11-08"", ""win_rate"": 0.486231}, {""app_rate"": 0.005427, ""ban_rate"": 0.002687, ""date"": ""2025-11-07"", ""win_rate"": 0.486412}, {""app_rate"": 0.005366, ""ban_rate"": 0.002639, ""date"": ""2025-11-06"", ""win_rate"": 0.48675}]}","2674709","2025-11-13"
"39","Roger","[{'_id': '668541caaa8e7f6ec4703d8a', 'caption': '打野', 'configId': 144237, 'createdAt': 1720009162509, 'createdUser': 'nickjin', 'data': {'_object': 2732073, 'road_sort_icon': 'https://akmweb.youngjoygame.com/web/gms/image/de611167c7310681135f0b4198137bfa.svg', 'road_sort_id': '4', 'road_sort_title': 'Jungle'}, 'dynamic': None, 'id': 2732080, 'linkId': [2732073], 'sort': 0, 'updatedAt': 1723022951463, 'updatedUser': 'nickjin'}, '']","https://akmweb.youngjoygame.com/web/svnres/img/mlbb/homepage_2_1_18_2/100_168335bcb95f73c6d653ec4971420923.png","[{'_id': '6698bfe8613093b976b4a96c', 'caption': '2战士', 'configId': 144237, 'createdAt': 1721286632237, 'createdUser': 'nickjin', 'data': {'_object': 2740651, 'sort_icon': 'https://akmweb.youngjoygame.com/web/gms/image/629e282165d4b63deceaf350426ea440.png', 'sort_id': '2', 'sort_title': 'fighter'}, 'dynamic': None, 'id': 2740659, 'linkId': [2740651], 'sort': 0, 'updatedAt': 1723023133206, 'updatedUser': 'nickjin'}, {'_id': '6698c04f613093b976b4a978', 'caption': '5射手', 'configId': 144237, 'createdAt': 1721286735503, 'createdUser': 'nickjin', 'data': {'_object': 2740651, 'sort_icon': 'https://akmweb.youngjoygame.com/web/gms/image/025c69a764924f4bac526a2662f1a0b9.png', 'sort_id': '5', 'sort_title': 'Marksman'}, 'dynamic': None, 'id': 2740665, 'linkId': [2740651], 'sort': 0, 'updatedAt': 1723023126452, 'updatedUser': 'nickjin'}]","[52, 38, 0]","[60, 46, 0, 0]","[74, 78, 0, 0]","1713515848286","66222d48554108f0635306df","1763042701290","{""bigrank"": ""8"", ""camp_type"": ""1"", ""main_heroid"": 39, ""match_type"": ""1"", ""win_rate"": [{""app_rate"": 0.005829, ""ban_rate"": 0.002566, ""date"": ""2025-11-12"", ""win_rate"": 0.522198}, {""app_rate"": 0.005852, ""ban_rate"": 0.002573, ""date"": ""2025-11-11"", ""win_rate"": 0.521882}, {""app_rate"": 0.005917, ""ban_rate"": 0.002628, ""date"": ""2025-11-10"", ""win_rate"": 0.521811}, {""app_rate"": 0.006001, ""ban_rate"": 0.002656, ""date"": ""2025-11-09"", ""win_rate"": 0.521501}, {""app_rate"": 0.005902, ""ban_rate"": 0.002649, ""date"": ""2025-11-08"", ""win_rate"": 0.521224}, {""app_rate"": 0.005803, ""ban_rate"": 0.002652, ""date"": ""2025-11-07"", ""win_rate"": 0.520793}, {""app_rate"": 0.005729, ""ban_rate"": 0.00267, ""date"": ""2025-11-06"", ""win_rate"": 0.520916}]}","2674709","2025-11-13"
"38","Vexana","[{'_id': '66854225aa8e7f6ec4703d93', 'caption': '中路', 'configId': 144237, 'createdAt': 1720009253985, 'createdUser': 'nickjin', 'data': {'_object': 2732073, 'road_sort_icon': 'https://akmweb.youngjoygame.com/web/gms/image/facab1eacb218d767b5acb80304bfafd.svg', 'road_sort_id': '2', 'road_sort_title': 'Mid Lane'}, 'dynamic': None, 'id': 2732084, 'linkId': [2732073], 'sort': 0, 'updatedAt': 1723022943932, 'updatedUser': 'nickjin'}, '']","https://akmweb.youngjoygame.com/web/svnres/img/mlbb/homepage/100_39c9058219c59535e9ed07645c8d9dd3.png","[{'_id': '6698c015613093b976b4a974', 'caption': '4法师', 'configId': 144237, 'createdAt': 1721286677393, 'createdUser': 'nickjin', 'data': {'_object': 2740651, 'sort_icon': 'https://akmweb.youngjoygame.com/web/gms/image/1c6985dd0caec2028ccb6d1b8ca95e0f.png', 'sort_id': '4', 'sort_title': 'mage'}, 'dynamic': None, 'id': 2740663, 'linkId': [2740651], 'sort': 0, 'updatedAt': 1723023128824, 'updatedUser': 'nickjin'}, '']","[93, 105, 0]","[18, 43, 115, 0]","[3, 109, 8, 0]","1713515848286","66222d49554108f063531834","1763042701290","{""bigrank"": ""8"", ""camp_type"": ""1"", ""main_heroid"": 38, ""match_type"": ""1"", ""win_rate"": [{""app_rate"": 0.017878, ""ban_rate"": 0.011864, ""date"": ""2025-11-12"", ""win_rate"": 0.523193}, {""app_rate"": 0.017739, ""ban_rate"": 0.011684, ""date"": ""2025-11-11"", ""win_rate"": 0.522769}, {""app_rate"": 0.01746, ""ban_rate"": 0.011449, ""date"": ""2025-11-10"", ""win_rate"": 0.522153}, {""app_rate"": 0.017296, ""ban_rate"": 0.011401, ""date"": ""2025-11-09"", ""win_rate"": 0.522126}, {""app_rate"": 0.017315, ""ban_rate"": 0.011283, ""date"": ""2025-11-08"", ""win_rate"": 0.521769}, {""app_rate"": 0.017328, ""ban_rate"": 0.011159, ""date"": ""2025-11-07"", ""win_rate"": 0.521345}, {""app_rate"": 0.017422, ""ban_rate"": 0.011083, ""date"": ""2025-11-06"", ""win_rate"": 0.520746}]}","2674709","2025-11-13"
"37","Lapu-Lapu","[{'_id': '6685424caa8e7f6ec4703d97', 'caption': '经验路', 'configId': 144237, 'createdAt': 1720009292257, 'createdUser': 'nickjin', 'data': {'_object': 2732073, 'road_sort_icon': 'https://akmweb.youngjoygame.com/web/gms/image/6a246099f7eb83a8856306d8b4c84fc2.svg', 'road_sort_id': '1', 'road_sort_title': 'Exp Lane'}, 'dynamic': None, 'id': 2732085, 'linkId': [2732073], 'sort': 0, 'updatedAt': 1723022932111, 'updatedUser': 'nickjin'}, '']","https://akmweb.youngjoygame.com/web/svnres/img/mlbb/homepage/100_b72b473b98494269cedbba84d4888409.png","[{'_id': '6698bfe8613093b976b4a96c', 'caption': '2战士', 'configId': 144237, 'createdAt': 1721286632237, 'createdUser': 'nickjin', 'data': {'_object': 2740651, 'sort_icon': 'https://akmweb.youngjoygame.com/web/gms/image/629e282165d4b63deceaf350426ea440.png', 'sort_id': '2', 'sort_title': 'fighter'}, 'dynamic': None, 'id': 2740659, 'linkId': [2740651], 'sort': 0, 'updatedAt': 1723023133206, 'updatedUser': 'nickjin'}, '']","[6, 93, 0]","[18, 15, 0, 0]","[53, 31, 0, 0]","1713515848286","66222d48554108f0635306d0","1763042701290","{""bigrank"": ""8"", ""camp_type"": ""1"", ""main_heroid"": 37, ""match_type"": ""1"", ""win_rate"": [{""app_rate"": 0.011469, ""ban_rate"": 0.088221, ""date"": ""2025-11-12"", ""win_rate"": 0.503179}, {""app_rate"": 0.011508, ""ban_rate"": 0.087661, ""date"": ""2025-11-11"", ""win_rate"": 0.503539}, {""app_rate"": 0.011746, ""ban_rate"": 0.089808, ""date"": ""2025-11-10"", ""win_rate"": 0.504141}, {""app_rate"": 0.011846, ""ban_rate"": 0.09037, ""date"": ""2025-11-09"", ""win_rate"": 0.504866}, {""app_rate"": 0.012195, ""ban_rate"": 0.089247, ""date"": ""2025-11-08"", ""win_rate"": 0.505518}, {""app_rate"": 0.012426, ""ban_rate"": 0.087474, ""date"": ""2025-11-07"", ""win_rate"": 0.505758}, {""app_rate"": 0.012509, ""ban_rate"": 0.085611, ""date"": ""2025-11-06"", ""win_rate"": 0.506166}]}","2674709","2025-11-13"
"36","Aurora","[{'_id': '66854225aa8e7f6ec4703d93', 'caption': '中路', 'configId': 144237, 'createdAt': 1720009253985, 'createdUser': 'nickjin', 'data': {'_object': 2732073, 'road_sort_icon': 'https://akmweb.youngjoygame.com/web/gms/image/facab1eacb218d767b5acb80304bfafd.svg', 'road_sort_id': '2', 'road_sort_title': 'Mid Lane'}, 'dynamic': None, 'id': 2732084, 'linkId': [2732073], 'sort': 0, 'updatedAt': 1723022943932, 'updatedUser': 'nickjin'}, '']","https://akmweb.youngjoygame.com/web/svnres/img/mlbb/homepage/100_1f3f900f917956e81d7764b9e5ffeb3d.png","[{'_id': '6698c015613093b976b4a974', 'caption': '4法师', 'configId': 144237, 'createdAt': 1721286677393, 'createdUser': 'nickjin', 'data': {'_object': 2740651, 'sort_icon': 'https://akmweb.youngjoygame.com/web/gms/image/1c6985dd0caec2028ccb6d1b8ca95e0f.png', 'sort_id': '4', 'sort_title': 'mage'}, 'dynamic': None, 'id': 2740663, 'linkId': [2740651], 'sort': 0, 'updatedAt': 1723023128824, 'updatedUser': 'nickjin'}, '']","[121, 22, 40]","[67, 72, 82, 0]","[84, 75, 80, 0]","1713515848286","66222d48554108f06353040a","1763042701290","{""bigrank"": ""8"", ""camp_type"": ""1"", ""main_heroid"": 36, ""match_type"": ""1"", ""win_rate"": [{""app_rate"": 0.00273, ""ban_rate"": 0.000615, ""date"": ""2025-11-12"", ""win_rate"": 0.492618}, {""app_rate"": 0.002701, ""ban_rate"": 0.000626, ""date"": ""2025-11-11"", ""win_rate"": 0.49069}, {""app_rate"": 0.002659, ""ban_rate"": 0.000621, ""date"": ""2025-11-10"", ""win_rate"": 0.489113}, {""app_rate"": 0.00264, ""ban_rate"": 0.000612, ""date"": ""2025-11-09"", ""win_rate"": 0.488223}, {""app_rate"": 0.002658, ""ban_rate"": 0.000612, ""date"": ""2025-11-08"", ""win_rate"": 0.487423}, {""app_rate"": 0.002659, ""ban_rate"": 0.000606, ""date"": ""2025-11-07"", ""win_rate"": 0.48732}, {""app_rate"": 0.002663, ""ban_rate"": 0.000599, ""date"": ""2025-11-06"", ""win_rate"": 0.486414}]}","2674709","2025-11-13"
"35","Hilda","[{'_id': '66854202aa8e7f6ec4703d8f', 'caption': '辅助', 'configId': 144237, 'createdAt': 1720009218480, 'createdUser': 'nickjin', 'data': {'_object': 2732073, 'road_sort_icon': 'https://akmweb.youngjoygame.com/web/gms/image/a3dbb075b4d8186c29f02f7d47da236a.svg', 'road_sort_id': '3', 'road_sort_title': 'Roam'}, 'dynamic': None, 'id': 2732083, 'linkId': [2732073], 'sort': 0, 'updatedAt': 1723022949109, 'updatedUser': 'nickjin'}, {'_id': '6685424caa8e7f6ec4703d97', 'caption': '经验路', 'configId': 144237, 'createdAt': 1720009292257, 'createdUser': 'nickjin', 'data': {'_object': 2732073, 'road_sort_icon': 'https://akmweb.youngjoygame.com/web/gms/image/6a246099f7eb83a8856306d8b4c84fc2.svg', 'road_sort_id': '1', 'road_sort_title': 'Exp Lane'}, 'dynamic': None, 'id': 2732085, 'linkId': [2732073], 'sort': 0, 'updatedAt': 1723022932111, 'updatedUser': 'nickjin'}]","https://akmweb.youngjoygame.com/web/svnres/img/mlbb/homepage_2_1_18_2/100_ee3a714054edf41ae09dd0c33faf07de.png","[{'_id': '6698bfe8613093b976b4a96c', 'caption': '2战士', 'configId': 144237, 'createdAt': 1721286632237, 'createdUser': 'nickjin', 'data': {'_object': 2740651, 'sort_icon': 'https://akmweb.youngjoygame.com/web/gms/image/629e282165d4b63deceaf350426ea440.png', 'sort_id': '2', 'sort_title': 'fighter'}, 'dynamic': None, 'id': 2740659, 'linkId': [2740651], 'sort': 0, 'updatedAt': 1723023133206, 'updatedUser': 'nickjin'}, {'_id': '6698bfbc613093b976b4a949', 'caption': '1坦克', 'configId': 144237, 'createdAt': 1721286588147, 'createdUser': 'nickjin', 'data': {'_object': 2740651, 'sort_icon': 'https://akmweb.youngjoygame.com/web/gms/image/60638c59536d9505c9c731af13f7fdfd.png', 'sort_id': '1', 'sort_title': 'tank'}, 'dynamic': None, 'id': 2740657, 'linkId': [2740651], 'sort': 0, 'updatedAt': 1723023135175, 'updatedUser': 'nickjin'}]","[14, 10, 0]","[16, 18, 0, 0]","[72, 59, 0, 0]","1713515848286","66222d48554108f0635304fb","1763042701290","{""bigrank"": ""8"", ""camp_type"": ""1"", ""main_heroid"": 35, ""match_type"": ""1"", ""win_rate"": [{""app_rate"": 0.010166, ""ban_rate"": 0.193329, ""date"": ""2025-11-12"", ""win_rate"": 0.534175}, {""app_rate"": 0.010077, ""ban_rate"": 0.193024, ""date"": ""2025-11-11"", ""win_rate"": 0.534804}, {""app_rate"": 0.009912, ""ban_rate"": 0.197655, ""date"": ""2025-11-10"", ""win_rate"": 0.533999}, {""app_rate"": 0.009789, ""ban_rate"": 0.199259, ""date"": ""2025-11-09"", ""win_rate"": 0.533415}, {""app_rate"": 0.009823, ""ban_rate"": 0.198766, ""date"": ""2025-11-08"", ""win_rate"": 0.533131}, {""app_rate"": 0.009886, ""ban_rate"": 0.197712, ""date"": ""2025-11-07"", ""win_rate"": 0.533041}, {""app_rate"": 0.009972, ""ban_rate"": 0.19498, ""date"": ""2025-11-06"", ""win_rate"": 0.532816}]}","2674709","2025-11-13"
"34","Estes","[{'_id': '66854202aa8e7f6ec4703d8f', 'caption': '辅助', 'configId': 144237, 'createdAt': 1720009218480, 'createdUser': 'nickjin', 'data': {'_object': 2732073, 'road_sort_icon': 'https://akmweb.youngjoygame.com/web/gms/image/a3dbb075b4d8186c29f02f7d47da236a.svg', 'road_sort_id': '3', 'road_sort_title': 'Roam'}, 'dynamic': None, 'id': 2732083, 'linkId': [2732073], 'sort': 0, 'updatedAt': 1723022949109, 'updatedUser': 'nickjin'}, '']","https://akmweb.youngjoygame.com/web/svnres/img/mlbb/homepage/100_a3619b68f415405f0a1ad77be31eb64d.png","[{'_id': '6698c06a613093b976b4a97c', 'caption': '6辅助', 'configId': 144237, 'createdAt': 1721286762785, 'createdUser': 'nickjin', 'data': {'_object': 2740651, 'sort_icon': 'https://akmweb.youngjoygame.com/web/gms/image/1e4609b25a4cd63ee5a13015d4058159.png', 'sort_id': '6', 'sort_title': 'support'}, 'dynamic': None, 'id': 2740666, 'linkId': [2740651], 'sort': 0, 'updatedAt': 1723023113317, 'updatedUser': 'nickjin'}, '']","[53, 60, 0]","[57, 4, 0, 0]","[3, 15, 0, 0]","1713515848286","66222d49554108f063531a7f","1763042701290","{""bigrank"": ""8"", ""camp_type"": ""1"", ""main_heroid"": 34, ""match_type"": ""1"", ""win_rate"": [{""app_rate"": 0.005907, ""ban_rate"": 0.167572, ""date"": ""2025-11-12"", ""win_rate"": 0.509346}, {""app_rate"": 0.005912, ""ban_rate"": 0.165389, ""date"": ""2025-11-11"", ""win_rate"": 0.509767}, {""app_rate"": 0.006011, ""ban_rate"": 0.167427, ""date"": ""2025-11-10"", ""win_rate"": 0.509742}, {""app_rate"": 0.006047, ""ban_rate"": 0.166812, ""date"": ""2025-11-09"", ""win_rate"": 0.509618}, {""app_rate"": 0.006047, ""ban_rate"": 0.163677, ""date"": ""2025-11-08"", ""win_rate"": 0.509043}, {""app_rate"": 0.006018, ""ban_rate"": 0.160192, ""date"": ""2025-11-07"", ""win_rate"": 0.508616}, {""app_rate"": 0.005976, ""ban_rate"": 0.156799, ""date"": ""2025-11-06"", ""win_rate"": 0.5083}]}","2674709","2025-11-13"
"33","Cyclops","[{'_id': '66854225aa8e7f6ec4703d93', 'caption': '中路', 'configId': 144237, 'createdAt': 1720009253985, 'createdUser': 'nickjin', 'data': {'_object': 2732073, 'road_sort_icon': 'https://akmweb.youngjoygame.com/web/gms/image/facab1eacb218d767b5acb80304bfafd.svg', 'road_sort_id': '2', 'road_sort_title': 'Mid Lane'}, 'dynamic': None, 'id': 2732084, 'linkId': [2732073], 'sort': 0, 'updatedAt': 1723022943932, 'updatedUser': 'nickjin'}, '']","https://akmweb.youngjoygame.com/web/svnres/img/mlbb/homepage/100_71c31e9801e7d1b40604d54099b30054.png","[{'_id': '6698c015613093b976b4a974', 'caption': '4法师', 'configId': 144237, 'createdAt': 1721286677393, 'createdUser': 'nickjin', 'data': {'_object': 2740651, 'sort_icon': 'https://akmweb.youngjoygame.com/web/gms/image/1c6985dd0caec2028ccb6d1b8ca95e0f.png', 'sort_id': '4', 'sort_title': 'mage'}, 'dynamic': None, 'id': 2740663, 'linkId': [2740651], 'sort': 0, 'updatedAt': 1723023128824, 'updatedUser': 'nickjin'}, '']","[70, 74, 0]","[82, 28, 0, 0]","[47, 7, 25, 0]","1713515848286","66222d48554108f063530777","1763042701290","{""bigrank"": ""8"", ""camp_type"": ""1"", ""main_heroid"": 33, ""match_type"": ""1"", ""win_rate"": [{""app_rate"": 0.008493, ""ban_rate"": 0.002853, ""date"": ""2025-11-12"", ""win_rate"": 0.51515}, {""app_rate"": 0.008401, ""ban_rate"": 0.002794, ""date"": ""2025-11-11"", ""win_rate"": 0.515337}, {""app_rate"": 0.008305, ""ban_rate"": 0.002757, ""date"": ""2025-11-10"", ""win_rate"": 0.515456}, {""app_rate"": 0.008219, ""ban_rate"": 0.002763, ""date"": ""2025-11-09"", ""win_rate"": 0.516169}, {""app_rate"": 0.00824, ""ban_rate"": 0.002774, ""date"": ""2025-11-08"", ""win_rate"": 0.516616}, {""app_rate"": 0.008262, ""ban_rate"": 0.002774, ""date"": ""2025-11-07"", ""win_rate"": 0.516324}, {""app_rate"": 0.008301, ""ban_rate"": 0.002775, ""date"": ""2025-11-06"", ""win_rate"": 0.516548}]}","2674709","2025-11-13"
"32","Johnson","[{'_id': '66854202aa8e7f6ec4703d8f', 'caption': '辅助', 'configId': 144237, 'createdAt': 1720009218480, 'createdUser': 'nickjin', 'data': {'_object': 2732073, 'road_sort_icon': 'https://akmweb.youngjoygame.com/web/gms/image/a3dbb075b4d8186c29f02f7d47da236a.svg', 'road_sort_id': '3', 'road_sort_title': 'Roam'}, 'dynamic': None, 'id': 2732083, 'linkId': [2732073], 'sort': 0, 'updatedAt': 1723022949109, 'updatedUser': 'nickjin'}, '']","https://akmweb.youngjoygame.com/web/svnres/img/mlbb/homepage/100_9939e5cc09011a287a989b7d4b3aec4d.png","[{'_id': '6698bfbc613093b976b4a949', 'caption': '1坦克', 'configId': 144237, 'createdAt': 1721286588147, 'createdUser': 'nickjin', 'data': {'_object': 2740651, 'sort_icon': 'https://akmweb.youngjoygame.com/web/gms/image/60638c59536d9505c9c731af13f7fdfd.png', 'sort_id': '1', 'sort_title': 'tank'}, 'dynamic': None, 'id': 2740657, 'linkId': [2740651], 'sort': 0, 'updatedAt': 1723023135175, 'updatedUser': 'nickjin'}, {'_id': '6698c06a613093b976b4a97c', 'caption': '6辅助', 'configId': 144237, 'createdAt': 1721286762785, 'createdUser': 'nickjin', 'data': {'_object': 2740651, 'sort_icon': 'https://akmweb.youngjoygame.com/web/gms/image/1e4609b25a4cd63ee5a13015d4058159.png', 'sort_id': '6', 'sort_title': 'support'}, 'dynamic': None, 'id': 2740666, 'linkId': [2740651], 'sort': 0, 'updatedAt': 1723023113317, 'updatedUser': 'nickjin'}]","[46, 75, 0]","[7, 16, 0, 0]","[73, 25, 0, 0]","1713515848286","66222d48554108f0635303bb","1763042701290","{""bigrank"": ""8"", ""camp_type"": ""1"", ""main_heroid"": 32, ""match_type"": ""1"", ""win_rate"": [{""app_rate"": 0.006805, ""ban_rate"": 0.010313, ""date"": ""2025-11-12"", ""win_rate"": 0.472608}, {""app_rate"": 0.006723, ""ban_rate"": 0.010024, ""date"": ""2025-11-11"", ""win_rate"": 0.472914}, {""app_rate"": 0.006615, ""ban_rate"": 0.009773, ""date"": ""2025-11-10"", ""win_rate"": 0.471966}, {""app_rate"": 0.006517, ""ban_rate"": 0.00966, ""date"": ""2025-11-09"", ""win_rate"": 0.471102}, {""app_rate"": 0.006458, ""ban_rate"": 0.009427, ""date"": ""2025-11-08"", ""win_rate"": 0.470785}, {""app_rate"": 0.006404, ""ban_rate"": 0.009227, ""date"": ""2025-11-07"", ""win_rate"": 0.470728}, {""app_rate"": 0.006375, ""ban_rate"": 0.009104, ""date"": ""2025-11-06"", ""win_rate"": 0.470395}]}","2674709","2025-11-13"
"31","Moskov","[{'_id': '668541a2aa8e7f6ec4703d86', 'caption': '金币路', 'configId': 144237, 'createdAt': 1720009122589, 'createdUser': 'nickjin', 'data': {'_object': 2732073, 'road_sort_icon': 'https://akmweb.youngjoygame.com/web/gms/image/91f817c656908a83c2e24eecb3b70986.svg', 'road_sort_id': '5', 'road_sort_title': 'Gold Lane'}, 'dynamic': None, 'id': 2732079, 'linkId': [2732073], 'sort': 0, 'updatedAt': 1723022953428, 'updatedUser': 'nickjin'}, '']","https://akmweb.youngjoygame.com/web/svnres/img/mlbb/homepage/100_9cf1a5936ac506d5e1b911be097acfb7.png","[{'_id': '6698c04f613093b976b4a978', 'caption': '5射手', 'configId': 144237, 'createdAt': 1721286735503, 'createdUser': 'nickjin', 'data': {'_object': 2740651, 'sort_icon': 'https://akmweb.youngjoygame.com/web/gms/image/025c69a764924f4bac526a2662f1a0b9.png', 'sort_id': '5', 'sort_title': 'Marksman'}, 'dynamic': None, 'id': 2740665, 'linkId': [2740651], 'sort': 0, 'updatedAt': 1723023126452, 'updatedUser': 'nickjin'}, '']","[117, 41, 0]","[72, 2, 0, 0]","[47, 24, 0, 0]","1713515848286","66222d49554108f0635318d4","1763042701290","{""bigrank"": ""8"", ""camp_type"": ""1"", ""main_heroid"": 31, ""match_type"": ""1"", ""win_rate"": [{""app_rate"": 0.006948, ""ban_rate"": 0.001188, ""date"": ""2025-11-12"", ""win_rate"": 0.499243}, {""app_rate"": 0.006922, ""ban_rate"": 0.001183, ""date"": ""2025-11-11"", ""win_rate"": 0.49851}, {""app_rate"": 0.006972, ""ban_rate"": 0.001192, ""date"": ""2025-11-10"", ""win_rate"": 0.499347}, {""app_rate"": 0.006973, ""ban_rate"": 0.00119, ""date"": ""2025-11-09"", ""win_rate"": 0.499985}, {""app_rate"": 0.007064, ""ban_rate"": 0.001187, ""date"": ""2025-11-08"", ""win_rate"": 0.500259}, {""app_rate"": 0.007115, ""ban_rate"": 0.00118, ""date"": ""2025-11-07"", ""win_rate"": 0.500725}, {""app_rate"": 0.007069, ""ban_rate"": 0.001157, ""date"": ""2025-11-06"", ""win_rate"": 0.501331}]}","2674709","2025-11-13"
"30","Yi Sun-shin","[{'_id': '668541caaa8e7f6ec4703d8a', 'caption': '打野', 'configId': 144237, 'createdAt': 1720009162509, 'createdUser': 'nickjin', 'data': {'_object': 2732073, 'road_sort_icon': 'https://akmweb.youngjoygame.com/web/gms/image/de611167c7310681135f0b4198137bfa.svg', 'road_sort_id': '4', 'road_sort_title': 'Jungle'}, 'dynamic': None, 'id': 2732080, 'linkId': [2732073], 'sort': 0, 'updatedAt': 1723022951463, 'updatedUser': 'nickjin'}, '']","https://akmweb.youngjoygame.com/web/svnres/img/mlbb/homepage/100_3fe7fdb5f2aedef505f3728c28572e2e.png","[{'_id': '6698bffd613093b976b4a970', 'caption': '3刺客', 'configId': 144237, 'createdAt': 1721286653803, 'createdUser': 'nickjin', 'data': {'_object': 2740651, 'sort_icon': 'https://akmweb.youngjoygame.com/web/gms/image/d0b8b65a47fc43dc7bb2bac447072fd2.png', 'sort_id': '3', 'sort_title': 'assassin'}, 'dynamic': None, 'id': 2740661, 'linkId': [2740651], 'sort': 0, 'updatedAt': 1723023131050, 'updatedUser': 'nickjin'}, {'_id': '6698c04f613093b976b4a978', 'caption': '5射手', 'configId': 144237, 'createdAt': 1721286735503, 'createdUser': 'nickjin', 'data': {'_object': 2740651, 'sort_icon': 'https://akmweb.youngjoygame.com/web/gms/image/025c69a764924f4bac526a2662f1a0b9.png', 'sort_id': '5', 'sort_title': 'Marksman'}, 'dynamic': None, 'id': 2740665, 'linkId': [2740651], 'sort': 0, 'updatedAt': 1723023126452, 'updatedUser': 'nickjin'}]","[28, 98, 0]","[59, 82, 0, 0]","[10, 62, 0, 0]","1713515848286","66222d48554108f0635304ac","1763042701290","{""bigrank"": ""8"", ""camp_type"": ""1"", ""main_heroid"": 30, ""match_type"": ""1"", ""win_rate"": [{""app_rate"": 0.010872, ""ban_rate"": 0.644784, ""date"": ""2025-11-12"", ""win_rate"": 0.484785}, {""app_rate"": 0.010921, ""ban_rate"": 0.647901, ""date"": ""2025-11-11"", ""win_rate"": 0.486992}, {""app_rate"": 0.010947, ""ban_rate"": 0.646562, ""date"": ""2025-11-10"", ""win_rate"": 0.487886}, {""app_rate"": 0.01099, ""ban_rate"": 0.645985, ""date"": ""2025-11-09"", ""win_rate"": 0.488775}, {""app_rate"": 0.011129, ""ban_rate"": 0.648342, ""date"": ""2025-11-08"", ""win_rate"": 0.489321}, {""app_rate"": 0.011242, ""ban_rate"": 0.651064, ""date"": ""2025-11-07"", ""win_rate"": 0.489439}, {""app_rate"": 0.011361, ""ban_rate"": 0.653433, ""date"": ""2025-11-06"", ""win_rate"": 0.489838}]}","2674709","2025-11-13"
"29","Ruby","[{'_id': '6685424caa8e7f6ec4703d97', 'caption': '经验路', 'configId': 144237, 'createdAt': 1720009292257, 'createdUser': 'nickjin', 'data': {'_object': 2732073, 'road_sort_icon': 'https://akmweb.youngjoygame.com/web/gms/image/6a246099f7eb83a8856306d8b4c84fc2.svg', 'road_sort_id': '1', 'road_sort_title': 'Exp Lane'}, 'dynamic': None, 'id': 2732085, 'linkId': [2732073], 'sort': 0, 'updatedAt': 1723022932111, 'updatedUser': 'nickjin'}, '']","https://akmweb.youngjoygame.com/web/svnres/img/mlbb/homepage/100_5b9d38f9f2e7ca03f9f489de19656bc9.png","[{'_id': '6698bfe8613093b976b4a96c', 'caption': '2战士', 'configId': 144237, 'createdAt': 1721286632237, 'createdUser': 'nickjin', 'data': {'_object': 2740651, 'sort_icon': 'https://akmweb.youngjoygame.com/web/gms/image/629e282165d4b63deceaf350426ea440.png', 'sort_id': '2', 'sort_title': 'fighter'}, 'dynamic': None, 'id': 2740659, 'linkId': [2740651], 'sort': 0, 'updatedAt': 1723023133206, 'updatedUser': 'nickjin'}, '']","[52, 75, 0]","[64, 80, 0, 0]","[89, 43, 0, 0]","1713515848286","66222d49554108f063531880","1763042701290","{""bigrank"": ""8"", ""camp_type"": ""1"", ""main_heroid"": 29, ""match_type"": ""1"", ""win_rate"": [{""app_rate"": 0.007926, ""ban_rate"": 0.013636, ""date"": ""2025-11-12"", ""win_rate"": 0.530669}, {""app_rate"": 0.007971, ""ban_rate"": 0.013515, ""date"": ""2025-11-11"", ""win_rate"": 0.53016}, {""app_rate"": 0.008068, ""ban_rate"": 0.013539, ""date"": ""2025-11-10"", ""win_rate"": 0.532018}, {""app_rate"": 0.008116, ""ban_rate"": 0.013441, ""date"": ""2025-11-09"", ""win_rate"": 0.532062}, {""app_rate"": 0.008188, ""ban_rate"": 0.013341, ""date"": ""2025-11-08"", ""win_rate"": 0.532801}, {""app_rate"": 0.008233, ""ban_rate"": 0.013193, ""date"": ""2025-11-07"", ""win_rate"": 0.533061}, {""app_rate"": 0.008251, ""ban_rate"": 0.012981, ""date"": ""2025-11-06"", ""win_rate"": 0.533619}]}","2674709","2025-11-13"
"28","Alpha","[{'_id': '668541caaa8e7f6ec4703d8a', 'caption': '打野', 'configId': 144237, 'createdAt': 1720009162509, 'createdUser': 'nickjin', 'data': {'_object': 2732073, 'road_sort_icon': 'https://akmweb.youngjoygame.com/web/gms/image/de611167c7310681135f0b4198137bfa.svg', 'road_sort_id': '4', 'road_sort_title': 'Jungle'}, 'dynamic': None, 'id': 2732080, 'linkId': [2732073], 'sort': 0, 'updatedAt': 1723022951463, 'updatedUser': 'nickjin'}, {'_id': '6685424caa8e7f6ec4703d97', 'caption': '经验路', 'configId': 144237, 'createdAt': 1720009292257, 'createdUser': 'nickjin', 'data': {'_object': 2732073, 'road_sort_icon': 'https://akmweb.youngjoygame.com/web/gms/image/6a246099f7eb83a8856306d8b4c84fc2.svg', 'road_sort_id': '1', 'road_sort_title': 'Exp Lane'}, 'dynamic': None, 'id': 2732085, 'linkId': [2732073], 'sort': 0, 'updatedAt': 1723022932111, 'updatedUser': 'nickjin'}]","https://akmweb.youngjoygame.com/web/svnres/img/mlbb/homepage_2_1_18_2/100_d3993266ec8b303b02c845f2c75d5e6d.png","[{'_id': '6698bfe8613093b976b4a96c', 'caption': '2战士', 'configId': 144237, 'createdAt': 1721286632237, 'createdUser': 'nickjin', 'data': {'_object': 2740651, 'sort_icon': 'https://akmweb.youngjoygame.com/web/gms/image/629e282165d4b63deceaf350426ea440.png', 'sort_id': '2', 'sort_title': 'fighter'}, 'dynamic': None, 'id': 2740659, 'linkId': [2740651], 'sort': 0, 'updatedAt': 1723023133206, 'updatedUser': 'nickjin'}, '']","[38, 63, 0]","[18, 121, 0, 0]","[26, 56, 0, 0]","1713515848286","66222d49554108f0635318ad","1763042701290","{""bigrank"": ""8"", ""camp_type"": ""1"", ""main_heroid"": 28, ""match_type"": ""1"", ""win_rate"": [{""app_rate"": 0.01268, ""ban_rate"": 0.005169, ""date"": ""2025-11-12"", ""win_rate"": 0.505024}, {""app_rate"": 0.012456, ""ban_rate"": 0.004995, ""date"": ""2025-11-11"", ""win_rate"": 0.504132}, {""app_rate"": 0.012162, ""ban_rate"": 0.004898, ""date"": ""2025-11-10"", ""win_rate"": 0.504017}, {""app_rate"": 0.011899, ""ban_rate"": 0.004789, ""date"": ""2025-11-09"", ""win_rate"": 0.50352}, {""app_rate"": 0.011812, ""ban_rate"": 0.004675, ""date"": ""2025-11-08"", ""win_rate"": 0.503491}, {""app_rate"": 0.011684, ""ban_rate"": 0.00457, ""date"": ""2025-11-07"", ""win_rate"": 0.503593}, {""app_rate"": 0.011623, ""ban_rate"": 0.004477, ""date"": ""2025-11-06"", ""win_rate"": 0.503085}]}","2674709","2025-11-13"
"27","Sun","[{'_id': '6685424caa8e7f6ec4703d97', 'caption': '经验路', 'configId': 144237, 'createdAt': 1720009292257, 'createdUser': 'nickjin', 'data': {'_object': 2732073, 'road_sort_icon': 'https://akmweb.youngjoygame.com/web/gms/image/6a246099f7eb83a8856306d8b4c84fc2.svg', 'road_sort_id': '1', 'road_sort_title': 'Exp Lane'}, 'dynamic': None, 'id': 2732085, 'linkId': [2732073], 'sort': 0, 'updatedAt': 1723022932111, 'updatedUser': 'nickjin'}, {'_id': '668541caaa8e7f6ec4703d8a', 'caption': '打野', 'configId': 144237, 'createdAt': 1720009162509, 'createdUser': 'nickjin', 'data': {'_object': 2732073, 'road_sort_icon': 'https://akmweb.youngjoygame.com/web/gms/image/de611167c7310681135f0b4198137bfa.svg', 'road_sort_id': '4', 'road_sort_title': 'Jungle'}, 'dynamic': None, 'id': 2732080, 'linkId': [2732073], 'sort': 0, 'updatedAt': 1723022951463, 'updatedUser': 'nickjin'}]","https://akmweb.youngjoygame.com/web/svnres/img/mlbb/homepage_2_1_18_2/100_eb0864090b1d5307dfeba628de0d294a.png","[{'_id': '6698bfe8613093b976b4a96c', 'caption': '2战士', 'configId': 144237, 'createdAt': 1721286632237, 'createdUser': 'nickjin', 'data': {'_object': 2740651, 'sort_icon': 'https://akmweb.youngjoygame.com/web/gms/image/629e282165d4b63deceaf350426ea440.png', 'sort_id': '2', 'sort_title': 'fighter'}, 'dynamic': None, 'id': 2740659, 'linkId': [2740651], 'sort': 0, 'updatedAt': 1723023133206, 'updatedUser': 'nickjin'}, '']","[70, 6, 0]","[10, 41, 0, 0]","[29, 0, 0, 0]","1713515848286","66222d48554108f06353046b","1763042701290","{""bigrank"": ""8"", ""camp_type"": ""1"", ""main_heroid"": 27, ""match_type"": ""1"", ""win_rate"": [{""app_rate"": 0.012239, ""ban_rate"": 0.041136, ""date"": ""2025-11-12"", ""win_rate"": 0.546751}, {""app_rate"": 0.011865, ""ban_rate"": 0.039716, ""date"": ""2025-11-11"", ""win_rate"": 0.546023}, {""app_rate"": 0.011405, ""ban_rate"": 0.038053, ""date"": ""2025-11-10"", ""win_rate"": 0.544839}, {""app_rate"": 0.011025, ""ban_rate"": 0.036986, ""date"": ""2025-11-09"", ""win_rate"": 0.544167}, {""app_rate"": 0.010872, ""ban_rate"": 0.036006, ""date"": ""2025-11-08"", ""win_rate"": 0.543033}, {""app_rate"": 0.010732, ""ban_rate"": 0.035132, ""date"": ""2025-11-07"", ""win_rate"": 0.542697}, {""app_rate"": 0.010667, ""ban_rate"": 0.034479, ""date"": ""2025-11-06"", ""win_rate"": 0.542825}]}","2674709","2025-11-13"
"26","Chou","[{'_id': '6685424caa8e7f6ec4703d97', 'caption': '经验路', 'configId': 144237, 'createdAt': 1720009292257, 'createdUser': 'nickjin', 'data': {'_object': 2732073, 'road_sort_icon': 'https://akmweb.youngjoygame.com/web/gms/image/6a246099f7eb83a8856306d8b4c84fc2.svg', 'road_sort_id': '1', 'road_sort_title': 'Exp Lane'}, 'dynamic': None, 'id': 2732085, 'linkId': [2732073], 'sort': 0, 'updatedAt': 1723022932111, 'updatedUser': 'nickjin'}, {'_id': '66854202aa8e7f6ec4703d8f', 'caption': '辅助', 'configId': 144237, 'createdAt': 1720009218480, 'createdUser': 'nickjin', 'data': {'_object': 2732073, 'road_sort_icon': 'https://akmweb.youngjoygame.com/web/gms/image/a3dbb075b4d8186c29f02f7d47da236a.svg', 'road_sort_id': '3', 'road_sort_title': 'Roam'}, 'dynamic': None, 'id': 2732083, 'linkId': [2732073], 'sort': 0, 'updatedAt': 1723022949109, 'updatedUser': 'nickjin'}]","https://akmweb.youngjoygame.com/web/svnres/img/mlbb/homepage_1_9_42/100_850c4b51e3dbab3fd12a718917eaaf44.png","[{'_id': '6698bfe8613093b976b4a96c', 'caption': '2战士', 'configId': 144237, 'createdAt': 1721286632237, 'createdUser': 'nickjin', 'data': {'_object': 2740651, 'sort_icon': 'https://akmweb.youngjoygame.com/web/gms/image/629e282165d4b63deceaf350426ea440.png', 'sort_id': '2', 'sort_title': 'fighter'}, 'dynamic': None, 'id': 2740659, 'linkId': [2740651], 'sort': 0, 'updatedAt': 1723023133206, 'updatedUser': 'nickjin'}, '']","[55, 14]","[82, 28]","[53, 52]","1713515848286","66222d49554108f063531ae0","1763042701290","{""bigrank"": ""8"", ""camp_type"": ""1"", ""main_heroid"": 26, ""match_type"": ""1"", ""win_rate"": [{""app_rate"": 0.008806, ""ban_rate"": 0.020225, ""date"": ""2025-11-12"", ""win_rate"": 0.443379}, {""app_rate"": 0.008765, ""ban_rate"": 0.019579, ""date"": ""2025-11-11"", ""win_rate"": 0.443571}, {""app_rate"": 0.008657, ""ban_rate"": 0.018641, ""date"": ""2025-11-10"", ""win_rate"": 0.443483}, {""app_rate"": 0.008585, ""ban_rate"": 0.018168, ""date"": ""2025-11-09"", ""win_rate"": 0.44326}, {""app_rate"": 0.008637, ""ban_rate"": 0.018006, ""date"": ""2025-11-08"", ""win_rate"": 0.442718}, {""app_rate"": 0.008676, ""ban_rate"": 0.017809, ""date"": ""2025-11-07"", ""win_rate"": 0.442756}, {""app_rate"": 0.008713, ""ban_rate"": 0.017739, ""date"": ""2025-11-06"", ""win_rate"": 0.443129}]}","2674709","2025-11-13"
"25","Kagura","[{'_id': '66854225aa8e7f6ec4703d93', 'caption': '中路', 'configId': 144237, 'createdAt': 1720009253985, 'createdUser': 'nickjin', 'data': {'_object': 2732073, 'road_sort_icon': 'https://akmweb.youngjoygame.com/web/gms/image/facab1eacb218d767b5acb80304bfafd.svg', 'road_sort_id': '2', 'road_sort_title': 'Mid Lane'}, 'dynamic': None, 'id': 2732084, 'linkId': [2732073], 'sort': 0, 'updatedAt': 1723022943932, 'updatedUser': 'nickjin'}, '']","https://akmweb.youngjoygame.com/web/svnres/img/mlbb/homepage/100_634196d9234babcc3072155d4fefaf0c.png","[{'_id': '6698c015613093b976b4a974', 'caption': '4法师', 'configId': 144237, 'createdAt': 1721286677393, 'createdUser': 'nickjin', 'data': {'_object': 2740651, 'sort_icon': 'https://akmweb.youngjoygame.com/web/gms/image/1c6985dd0caec2028ccb6d1b8ca95e0f.png', 'sort_id': '4', 'sort_title': 'mage'}, 'dynamic': None, 'id': 2740663, 'linkId': [2740651], 'sort': 0, 'updatedAt': 1723023128824, 'updatedUser': 'nickjin'}, '']","[93, 6]","[18, 15]","[118, 58]","1713515848286","66222d48554108f063530629","1763042701290","{""bigrank"": ""8"", ""camp_type"": ""1"", ""main_heroid"": 25, ""match_type"": ""1"", ""win_rate"": [{""app_rate"": 0.006772, ""ban_rate"": 0.011321, ""date"": ""2025-11-12"", ""win_rate"": 0.499175}, {""app_rate"": 0.006794, ""ban_rate"": 0.01131, ""date"": ""2025-11-11"", ""win_rate"": 0.500302}, {""app_rate"": 0.006989, ""ban_rate"": 0.011461, ""date"": ""2025-11-10"", ""win_rate"": 0.500745}, {""app_rate"": 0.007067, ""ban_rate"": 0.011527, ""date"": ""2025-11-09"", ""win_rate"": 0.501217}, {""app_rate"": 0.007212, ""ban_rate"": 0.011445, ""date"": ""2025-11-08"", ""win_rate"": 0.50163}, {""app_rate"": 0.007249, ""ban_rate"": 0.011269, ""date"": ""2025-11-07"", ""win_rate"": 0.502099}, {""app_rate"": 0.007193, ""ban_rate"": 0.011124, ""date"": ""2025-11-06"", ""win_rate"": 0.502632}]}","2674709","2025-11-13"
"24","Natalia","[{'_id': '668541caaa8e7f6ec4703d8a', 'caption': '打野', 'configId': 144237, 'createdAt': 1720009162509, 'createdUser': 'nickjin', 'data': {'_object': 2732073, 'road_sort_icon': 'https://akmweb.youngjoygame.com/web/gms/image/de611167c7310681135f0b4198137bfa.svg', 'road_sort_id': '4', 'road_sort_title': 'Jungle'}, 'dynamic': None, 'id': 2732080, 'linkId': [2732073], 'sort': 0, 'updatedAt': 1723022951463, 'updatedUser': 'nickjin'}, {'_id': '66854202aa8e7f6ec4703d8f', 'caption': '辅助', 'configId': 144237, 'createdAt': 1720009218480, 'createdUser': 'nickjin', 'data': {'_object': 2732073, 'road_sort_icon': 'https://akmweb.youngjoygame.com/web/gms/image/a3dbb075b4d8186c29f02f7d47da236a.svg', 'road_sort_id': '3', 'road_sort_title': 'Roam'}, 'dynamic': None, 'id': 2732083, 'linkId': [2732073], 'sort': 0, 'updatedAt': 1723022949109, 'updatedUser': 'nickjin'}]","https://akmweb.youngjoygame.com/web/svnres/img/mlbb/homepage_2_1_18_2/100_ee09a1367736f8a46641f07f5d1d6618.png","[{'_id': '6698bffd613093b976b4a970', 'caption': '3刺客', 'configId': 144237, 'createdAt': 1721286653803, 'createdUser': 'nickjin', 'data': {'_object': 2740651, 'sort_icon': 'https://akmweb.youngjoygame.com/web/gms/image/d0b8b65a47fc43dc7bb2bac447072fd2.png', 'sort_id': '3', 'sort_title': 'assassin'}, 'dynamic': None, 'id': 2740661, 'linkId': [2740651], 'sort': 0, 'updatedAt': 1723023131050, 'updatedUser': 'nickjin'}, '']","[30, 38]","[119, 43]","[74, 62]","1713515848286","66222d48554108f0635306e0","1763042701290","{""bigrank"": ""8"", ""camp_type"": ""1"", ""main_heroid"": 24, ""match_type"": ""1"", ""win_rate"": [{""app_rate"": 0.003007, ""ban_rate"": 0.017237, ""date"": ""2025-11-12"", ""win_rate"": 0.490796}, {""app_rate"": 0.003002, ""ban_rate"": 0.017105, ""date"": ""2025-11-11"", ""win_rate"": 0.491388}, {""app_rate"": 0.002986, ""ban_rate"": 0.016843, ""date"": ""2025-11-10"", ""win_rate"": 0.490536}, {""app_rate"": 0.002996, ""ban_rate"": 0.016541, ""date"": ""2025-11-09"", ""win_rate"": 0.490446}, {""app_rate"": 0.002912, ""ban_rate"": 0.016095, ""date"": ""2025-11-08"", ""win_rate"": 0.490056}, {""app_rate"": 0.002864, ""ban_rate"": 0.015882, ""date"": ""2025-11-07"", ""win_rate"": 0.490365}, {""app_rate"": 0.002843, ""ban_rate"": 0.01577, ""date"": ""2025-11-06"", ""win_rate"": 0.490558}]}","2674709","2025-11-13"
"23","Gord","[{'_id': '66854225aa8e7f6ec4703d93', 'caption': '中路', 'configId': 144237, 'createdAt': 1720009253985, 'createdUser': 'nickjin', 'data': {'_object': 2732073, 'road_sort_icon': 'https://akmweb.youngjoygame.com/web/gms/image/facab1eacb218d767b5acb80304bfafd.svg', 'road_sort_id': '2', 'road_sort_title': 'Mid Lane'}, 'dynamic': None, 'id': 2732084, 'linkId': [2732073], 'sort': 0, 'updatedAt': 1723022943932, 'updatedUser': 'nickjin'}, '']","https://akmweb.youngjoygame.com/web/svnres/img/mlbb/homepage_1_9_47/100_6ba16b4ca438152a629e7706cbd7453d.png","[{'_id': '6698c015613093b976b4a974', 'caption': '4法师', 'configId': 144237, 'createdAt': 1721286677393, 'createdUser': 'nickjin', 'data': {'_object': 2740651, 'sort_icon': 'https://akmweb.youngjoygame.com/web/gms/image/1c6985dd0caec2028ccb6d1b8ca95e0f.png', 'sort_id': '4', 'sort_title': 'mage'}, 'dynamic': None, 'id': 2740663, 'linkId': [2740651], 'sort': 0, 'updatedAt': 1723023128824, 'updatedUser': 'nickjin'}, '']","[49, 70]","[99, 117]","[17, 47]","1713515848286","66222d49554108f06353190a","1763042701290","{""bigrank"": ""8"", ""camp_type"": ""1"", ""main_heroid"": 23, ""match_type"": ""1"", ""win_rate"": [{""app_rate"": 0.005426, ""ban_rate"": 0.001545, ""date"": ""2025-11-12"", ""win_rate"": 0.519212}, {""app_rate"": 0.005406, ""ban_rate"": 0.001513, ""date"": ""2025-11-11"", ""win_rate"": 0.520116}, {""app_rate"": 0.005366, ""ban_rate"": 0.001482, ""date"": ""2025-11-10"", ""win_rate"": 0.521167}, {""app_rate"": 0.005359, ""ban_rate"": 0.001448, ""date"": ""2025-11-09"", ""win_rate"": 0.521526}, {""app_rate"": 0.005201, ""ban_rate"": 0.001407, ""date"": ""2025-11-08"", ""win_rate"": 0.52151}, {""app_rate"": 0.005099, ""ban_rate"": 0.001375, ""date"": ""2025-11-07"", ""win_rate"": 0.521338}, {""app_rate"": 0.005052, ""ban_rate"": 0.001359, ""date"": ""2025-11-06"", ""win_rate"": 0.521973}]}","2674709","2025-11-13"
"22","Freya","[{'_id': '6685424caa8e7f6ec4703d97', 'caption': '经验路', 'configId': 144237, 'createdAt': 1720009292257, 'createdUser': 'nickjin', 'data': {'_object': 2732073, 'road_sort_icon': 'https://akmweb.youngjoygame.com/web/gms/image/6a246099f7eb83a8856306d8b4c84fc2.svg', 'road_sort_id': '1', 'road_sort_title': 'Exp Lane'}, 'dynamic': None, 'id': 2732085, 'linkId': [2732073], 'sort': 0, 'updatedAt': 1723022932111, 'updatedUser': 'nickjin'}, {'_id': '668541caaa8e7f6ec4703d8a', 'caption': '打野', 'configId': 144237, 'createdAt': 1720009162509, 'createdUser': 'nickjin', 'data': {'_object': 2732073, 'road_sort_icon': 'https://akmweb.youngjoygame.com/web/gms/image/de611167c7310681135f0b4198137bfa.svg', 'road_sort_id': '4', 'road_sort_title': 'Jungle'}, 'dynamic': None, 'id': 2732080, 'linkId': [2732073], 'sort': 0, 'updatedAt': 1723022951463, 'updatedUser': 'nickjin'}]","https://akmweb.youngjoygame.com/web/svnres/img/mlbb/homepage_2_1_18_2/100_b95ffc5769380f10a409d864d4162433.png","[{'_id': '6698bfe8613093b976b4a96c', 'caption': '2战士', 'configId': 144237, 'createdAt': 1721286632237, 'createdUser': 'nickjin', 'data': {'_object': 2740651, 'sort_icon': 'https://akmweb.youngjoygame.com/web/gms/image/629e282165d4b63deceaf350426ea440.png', 'sort_id': '2', 'sort_title': 'fighter'}, 'dynamic': None, 'id': 2740659, 'linkId': [2740651], 'sort': 0, 'updatedAt': 1723023133206, 'updatedUser': 'nickjin'}, '']","[70, 41]","[53, 121]","[106, 130]","1713515848286","66222d48554108f0635303ad","1763042701290","{""bigrank"": ""8"", ""camp_type"": ""1"", ""main_heroid"": 22, ""match_type"": ""1"", ""win_rate"": [{""app_rate"": 0.005579, ""ban_rate"": 0.09765, ""date"": ""2025-11-12"", ""win_rate"": 0.455598}, {""app_rate"": 0.005784, ""ban_rate"": 0.105273, ""date"": ""2025-11-11"", ""win_rate"": 0.45518}, {""app_rate"": 0.006049, ""ban_rate"": 0.116638, ""date"": ""2025-11-10"", ""win_rate"": 0.455279}, {""app_rate"": 0.006281, ""ban_rate"": 0.127844, ""date"": ""2025-11-09"", ""win_rate"": 0.456114}, {""app_rate"": 0.006529, ""ban_rate"": 0.140231, ""date"": ""2025-11-08"", ""win_rate"": 0.456635}, {""app_rate"": 0.006834, ""ban_rate"": 0.152522, ""date"": ""2025-11-07"", ""win_rate"": 0.456267}, {""app_rate"": 0.007229, ""ban_rate"": 0.163358, ""date"": ""2025-11-06"", ""win_rate"": 0.45521}]}","2674709","2025-11-13"
"21","Hayabusa","[{'_id': '668541caaa8e7f6ec4703d8a', 'caption': '打野', 'configId': 144237, 'createdAt': 1720009162509, 'createdUser': 'nickjin', 'data': {'_object': 2732073, 'road_sort_icon': 'https://akmweb.youngjoygame.com/web/gms/image/de611167c7310681135f0b4198137bfa.svg', 'road_sort_id': '4', 'road_sort_title': 'Jungle'}, 'dynamic': None, 'id': 2732080, 'linkId': [2732073], 'sort': 0, 'updatedAt': 1723022951463, 'updatedUser': 'nickjin'}, '']","https://akmweb.youngjoygame.com/web/svnres/img/mlbb/homepage/100_63cb1f44bf906b71767a000e38d8ab14.png","[{'_id': '6698bffd613093b976b4a970', 'caption': '3刺客', 'configId': 144237, 'createdAt': 1721286653803, 'createdUser': 'nickjin', 'data': {'_object': 2740651, 'sort_icon': 'https://akmweb.youngjoygame.com/web/gms/image/d0b8b65a47fc43dc7bb2bac447072fd2.png', 'sort_id': '3', 'sort_title': 'assassin'}, 'dynamic': None, 'id': 2740661, 'linkId': [2740651], 'sort': 0, 'updatedAt': 1723023131050, 'updatedUser': 'nickjin'}, '']","[37, 28]","[61, 91]","[10, 62]","1713515848286","66222d48554108f063530630","1763042701290","{""bigrank"": ""8"", ""camp_type"": ""1"", ""main_heroid"": 21, ""match_type"": ""1"", ""win_rate"": [{""app_rate"": 0.012145, ""ban_rate"": 0.567644, ""date"": ""2025-11-12"", ""win_rate"": 0.503557}, {""app_rate"": 0.012169, ""ban_rate"": 0.566729, ""date"": ""2025-11-11"", ""win_rate"": 0.504416}, {""app_rate"": 0.012091, ""ban_rate"": 0.556876, ""date"": ""2025-11-10"", ""win_rate"": 0.504743}, {""app_rate"": 0.012051, ""ban_rate"": 0.550622, ""date"": ""2025-11-09"", ""win_rate"": 0.50571}, {""app_rate"": 0.012069, ""ban_rate"": 0.548416, ""date"": ""2025-11-08"", ""win_rate"": 0.505711}, {""app_rate"": 0.012088, ""ban_rate"": 0.547574, ""date"": ""2025-11-07"", ""win_rate"": 0.505859}, {""app_rate"": 0.012201, ""ban_rate"": 0.546343, ""date"": ""2025-11-06"", ""win_rate"": 0.506129}]}","2674709","2025-11-13"
"20","Lolita","[{'_id': '66854202aa8e7f6ec4703d8f', 'caption': '辅助', 'configId': 144237, 'createdAt': 1720009218480, 'createdUser': 'nickjin', 'data': {'_object': 2732073, 'road_sort_icon': 'https://akmweb.youngjoygame.com/web/gms/image/a3dbb075b4d8186c29f02f7d47da236a.svg', 'road_sort_id': '3', 'road_sort_title': 'Roam'}, 'dynamic': None, 'id': 2732083, 'linkId': [2732073], 'sort': 0, 'updatedAt': 1723022949109, 'updatedUser': 'nickjin'}, '']","https://akmweb.youngjoygame.com/web/svnres/img/mlbb/homepage/100_55de18c865efe8e360b3b9ae463d76a2.png","[{'_id': '6698c06a613093b976b4a97c', 'caption': '6辅助', 'configId': 144237, 'createdAt': 1721286762785, 'createdUser': 'nickjin', 'data': {'_object': 2740651, 'sort_icon': 'https://akmweb.youngjoygame.com/web/gms/image/1e4609b25a4cd63ee5a13015d4058159.png', 'sort_id': '6', 'sort_title': 'support'}, 'dynamic': None, 'id': 2740666, 'linkId': [2740651], 'sort': 0, 'updatedAt': 1723023113317, 'updatedUser': 'nickjin'}, {'_id': '6698bfbc613093b976b4a949', 'caption': '1坦克', 'configId': 144237, 'createdAt': 1721286588147, 'createdUser': 'nickjin', 'data': {'_object': 2740651, 'sort_icon': 'https://akmweb.youngjoygame.com/web/gms/image/60638c59536d9505c9c731af13f7fdfd.png', 'sort_id': '1', 'sort_title': 'tank'}, 'dynamic': None, 'id': 2740657, 'linkId': [2740651], 'sort': 0, 'updatedAt': 1723023135175, 'updatedUser': 'nickjin'}]","[60, 18]","[71, 33]","[84, 103]","1713515848286","66222d49554108f063531b25","1763042701290","{""bigrank"": ""8"", ""camp_type"": ""1"", ""main_heroid"": 20, ""match_type"": ""1"", ""win_rate"": [{""app_rate"": 0.002126, ""ban_rate"": 0.008911, ""date"": ""2025-11-12"", ""win_rate"": 0.549187}, {""app_rate"": 0.002146, ""ban_rate"": 0.008866, ""date"": ""2025-11-11"", ""win_rate"": 0.548909}, {""app_rate"": 0.002177, ""ban_rate"": 0.008922, ""date"": ""2025-11-10"", ""win_rate"": 0.54825}, {""app_rate"": 0.002221, ""ban_rate"": 0.00904, ""date"": ""2025-11-09"", ""win_rate"": 0.54824}, {""app_rate"": 0.002265, ""ban_rate"": 0.009071, ""date"": ""2025-11-08"", ""win_rate"": 0.547991}, {""app_rate"": 0.002291, ""ban_rate"": 0.009015, ""date"": ""2025-11-07"", ""win_rate"": 0.548298}, {""app_rate"": 0.002316, ""ban_rate"": 0.008999, ""date"": ""2025-11-06"", ""win_rate"": 0.548355}]}","2674709","2025-11-13"
"19","Minotaur","[{'_id': '66854202aa8e7f6ec4703d8f', 'caption': '辅助', 'configId': 144237, 'createdAt': 1720009218480, 'createdUser': 'nickjin', 'data': {'_object': 2732073, 'road_sort_icon': 'https://akmweb.youngjoygame.com/web/gms/image/a3dbb075b4d8186c29f02f7d47da236a.svg', 'road_sort_id': '3', 'road_sort_title': 'Roam'}, 'dynamic': None, 'id': 2732083, 'linkId': [2732073], 'sort': 0, 'updatedAt': 1723022949109, 'updatedUser': 'nickjin'}, '']","https://akmweb.youngjoygame.com/web/svnres/img/mlbb/homepage_2_1_18_2/100_3b7cb3a2be4264d3927f3b5a5050117a.png","[{'_id': '6698bfbc613093b976b4a949', 'caption': '1坦克', 'configId': 144237, 'createdAt': 1721286588147, 'createdUser': 'nickjin', 'data': {'_object': 2740651, 'sort_icon': 'https://akmweb.youngjoygame.com/web/gms/image/60638c59536d9505c9c731af13f7fdfd.png', 'sort_id': '1', 'sort_title': 'tank'}, 'dynamic': None, 'id': 2740657, 'linkId': [2740651], 'sort': 0, 'updatedAt': 1723023135175, 'updatedUser': 'nickjin'}, {'_id': '6698c06a613093b976b4a97c', 'caption': '6辅助', 'configId': 144237, 'createdAt': 1721286762785, 'createdUser': 'nickjin', 'data': {'_object': 2740651, 'sort_icon': 'https://akmweb.youngjoygame.com/web/gms/image/1e4609b25a4cd63ee5a13015d4058159.png', 'sort_id': '6', 'sort_title': 'support'}, 'dynamic': None, 'id': 2740666, 'linkId': [2740651], 'sort': 0, 'updatedAt': 1723023113317, 'updatedUser': 'nickjin'}]","[79, 114]","[103, 116]","[18, 53]","1713515848286","66222d49554108f063531b35","1763042701290","{""bigrank"": ""8"", ""camp_type"": ""1"", ""main_heroid"": 19, ""match_type"": ""1"", ""win_rate"": [{""app_rate"": 0.00684, ""ban_rate"": 0.022423, ""date"": ""2025-11-12"", ""win_rate"": 0.536852}, {""app_rate"": 0.006861, ""ban_rate"": 0.021937, ""date"": ""2025-11-11"", ""win_rate"": 0.536277}, {""app_rate"": 0.006861, ""ban_rate"": 0.021615, ""date"": ""2025-11-10"", ""win_rate"": 0.536651}, {""app_rate"": 0.006915, ""ban_rate"": 0.021357, ""date"": ""2025-11-09"", ""win_rate"": 0.535813}, {""app_rate"": 0.006758, ""ban_rate"": 0.020769, ""date"": ""2025-11-08"", ""win_rate"": 0.535085}, {""app_rate"": 0.006657, ""ban_rate"": 0.020336, ""date"": ""2025-11-07"", ""win_rate"": 0.534318}, {""app_rate"": 0.006629, ""ban_rate"": 0.020021, ""date"": ""2025-11-06"", ""win_rate"": 0.534023}]}","2674709","2025-11-13"
"18","Layla","[{'_id': '668541a2aa8e7f6ec4703d86', 'caption': '金币路', 'configId': 144237, 'createdAt': 1720009122589, 'createdUser': 'nickjin', 'data': {'_object': 2732073, 'road_sort_icon': 'https://akmweb.youngjoygame.com/web/gms/image/91f817c656908a83c2e24eecb3b70986.svg', 'road_sort_id': '5', 'road_sort_title': 'Gold Lane'}, 'dynamic': None, 'id': 2732079, 'linkId': [2732073], 'sort': 0, 'updatedAt': 1723022953428, 'updatedUser': 'nickjin'}, '']","https://akmweb.youngjoygame.com/web/svnres/img/mlbb/homepage/100_6efe9abc2047f59d45fa1c88fb1261b7.png","[{'_id': '6698c04f613093b976b4a978', 'caption': '5射手', 'configId': 144237, 'createdAt': 1721286735503, 'createdUser': 'nickjin', 'data': {'_object': 2740651, 'sort_icon': 'https://akmweb.youngjoygame.com/web/gms/image/025c69a764924f4bac526a2662f1a0b9.png', 'sort_id': '5', 'sort_title': 'Marksman'}, 'dynamic': None, 'id': 2740665, 'linkId': [2740651], 'sort': 0, 'updatedAt': 1723023126452, 'updatedUser': 'nickjin'}, '']","[74, 70]","[6, 70]","[8, 84]","1713515848286","66222d48554108f06353066a","1763042701290","{""bigrank"": ""8"", ""camp_type"": ""1"", ""main_heroid"": 18, ""match_type"": ""1"", ""win_rate"": [{""app_rate"": 0.013602, ""ban_rate"": 0.011809, ""date"": ""2025-11-12"", ""win_rate"": 0.499307}, {""app_rate"": 0.013687, ""ban_rate"": 0.011761, ""date"": ""2025-11-11"", ""win_rate"": 0.500668}, {""app_rate"": 0.013883, ""ban_rate"": 0.011827, ""date"": ""2025-11-10"", ""win_rate"": 0.500335}, {""app_rate"": 0.013939, ""ban_rate"": 0.011818, ""date"": ""2025-11-09"", ""win_rate"": 0.500016}, {""app_rate"": 0.013941, ""ban_rate"": 0.011926, ""date"": ""2025-11-08"", ""win_rate"": 0.499741}, {""app_rate"": 0.013879, ""ban_rate"": 0.01206, ""date"": ""2025-11-07"", ""win_rate"": 0.499698}, {""app_rate"": 0.013908, ""ban_rate"": 0.012528, ""date"": ""2025-11-06"", ""win_rate"": 0.499721}]}","2674709","2025-11-13"
"17","Fanny","[{'_id': '668541caaa8e7f6ec4703d8a', 'caption': '打野', 'configId': 144237, 'createdAt': 1720009162509, 'createdUser': 'nickjin', 'data': {'_object': 2732073, 'road_sort_icon': 'https://akmweb.youngjoygame.com/web/gms/image/de611167c7310681135f0b4198137bfa.svg', 'road_sort_id': '4', 'road_sort_title': 'Jungle'}, 'dynamic': None, 'id': 2732080, 'linkId': [2732073], 'sort': 0, 'updatedAt': 1723022951463, 'updatedUser': 'nickjin'}, '']","https://akmweb.youngjoygame.com/web/svnres/img/mlbb/homepage/100_8ea3a95fa3c726ed0338c0fdd21ad991.png","[{'_id': '6698bffd613093b976b4a970', 'caption': '3刺客', 'configId': 144237, 'createdAt': 1721286653803, 'createdUser': 'nickjin', 'data': {'_object': 2740651, 'sort_icon': 'https://akmweb.youngjoygame.com/web/gms/image/d0b8b65a47fc43dc7bb2bac447072fd2.png', 'sort_id': '3', 'sort_title': 'assassin'}, 'dynamic': None, 'id': 2740661, 'linkId': [2740651], 'sort': 0, 'updatedAt': 1723023131050, 'updatedUser': 'nickjin'}, '']","[19, 41]","[40, 43]","[62, 78]","1713515848286","66222d49554108f063531afe","1763042701290","{""bigrank"": ""8"", ""camp_type"": ""1"", ""main_heroid"": 17, ""match_type"": ""1"", ""win_rate"": [{""app_rate"": 0.007539, ""ban_rate"": 0.095542, ""date"": ""2025-11-12"", ""win_rate"": 0.405166}, {""app_rate"": 0.007598, ""ban_rate"": 0.095927, ""date"": ""2025-11-11"", ""win_rate"": 0.405538}, {""app_rate"": 0.007654, ""ban_rate"": 0.094631, ""date"": ""2025-11-10"", ""win_rate"": 0.405805}, {""app_rate"": 0.007687, ""ban_rate"": 0.093557, ""date"": ""2025-11-09"", ""win_rate"": 0.406384}, {""app_rate"": 0.007821, ""ban_rate"": 0.09356, ""date"": ""2025-11-08"", ""win_rate"": 0.406002}, {""app_rate"": 0.007922, ""ban_rate"": 0.093455, ""date"": ""2025-11-07"", ""win_rate"": 0.406162}, {""app_rate"": 0.007967, ""ban_rate"": 0.09323, ""date"": ""2025-11-06"", ""win_rate"": 0.406969}]}","2674709","2025-11-13"
"16","Zilong","[{'_id': '6685424caa8e7f6ec4703d97', 'caption': '经验路', 'configId': 144237, 'createdAt': 1720009292257, 'createdUser': 'nickjin', 'data': {'_object': 2732073, 'road_sort_icon': 'https://akmweb.youngjoygame.com/web/gms/image/6a246099f7eb83a8856306d8b4c84fc2.svg', 'road_sort_id': '1', 'road_sort_title': 'Exp Lane'}, 'dynamic': None, 'id': 2732085, 'linkId': [2732073], 'sort': 0, 'updatedAt': 1723022932111, 'updatedUser': 'nickjin'}, '']","https://akmweb.youngjoygame.com/web/svnres/img/mlbb/homepage_2_1_18_2/100_6ed2ac1fc08f2b5118b579b188289ca1.png","[{'_id': '6698bfe8613093b976b4a96c', 'caption': '2战士', 'configId': 144237, 'createdAt': 1721286632237, 'createdUser': 'nickjin', 'data': {'_object': 2740651, 'sort_icon': 'https://akmweb.youngjoygame.com/web/gms/image/629e282165d4b63deceaf350426ea440.png', 'sort_id': '2', 'sort_title': 'fighter'}, 'dynamic': None, 'id': 2740659, 'linkId': [2740651], 'sort': 0, 'updatedAt': 1723023133206, 'updatedUser': 'nickjin'}, {'_id': '6698bffd613093b976b4a970', 'caption': '3刺客', 'configId': 144237, 'createdAt': 1721286653803, 'createdUser': 'nickjin', 'data': {'_object': 2740651, 'sort_icon': 'https://akmweb.youngjoygame.com/web/gms/image/d0b8b65a47fc43dc7bb2bac447072fd2.png', 'sort_id': '3', 'sort_title': 'assassin'}, 'dynamic': None, 'id': 2740661, 'linkId': [2740651], 'sort': 0, 'updatedAt': 1723023131050, 'updatedUser': 'nickjin'}]","[52, 60]","[18, 86]","[10, 5]","1713515848286","66222d48554108f0635304cf","1763042701290","{""bigrank"": ""8"", ""camp_type"": ""1"", ""main_heroid"": 16, ""match_type"": ""1"", ""win_rate"": [{""app_rate"": 0.005687, ""ban_rate"": 0.003107, ""date"": ""2025-11-12"", ""win_rate"": 0.477552}, {""app_rate"": 0.005593, ""ban_rate"": 0.003071, ""date"": ""2025-11-11"", ""win_rate"": 0.479619}, {""app_rate"": 0.005497, ""ban_rate"": 0.003046, ""date"": ""2025-11-10"", ""win_rate"": 0.479003}, {""app_rate"": 0.005346, ""ban_rate"": 0.002966, ""date"": ""2025-11-09"", ""win_rate"": 0.47911}, {""app_rate"": 0.005249, ""ban_rate"": 0.002935, ""date"": ""2025-11-08"", ""win_rate"": 0.479101}, {""app_rate"": 0.005168, ""ban_rate"": 0.002903, ""date"": ""2025-11-07"", ""win_rate"": 0.479797}, {""app_rate"": 0.005081, ""ban_rate"": 0.002892, ""date"": ""2025-11-06"", ""win_rate"": 0.479596}]}","2674709","2025-11-13"
"15","Eudora","[{'_id': '66854225aa8e7f6ec4703d93', 'caption': '中路', 'configId': 144237, 'createdAt': 1720009253985, 'createdUser': 'nickjin', 'data': {'_object': 2732073, 'road_sort_icon': 'https://akmweb.youngjoygame.com/web/gms/image/facab1eacb218d767b5acb80304bfafd.svg', 'road_sort_id': '2', 'road_sort_title': 'Mid Lane'}, 'dynamic': None, 'id': 2732084, 'linkId': [2732073], 'sort': 0, 'updatedAt': 1723022943932, 'updatedUser': 'nickjin'}, '']","https://akmweb.youngjoygame.com/web/svnres/img/mlbb/homepage/100_3e9c8286caaff10bd0f0844545198163.png","[{'_id': '6698c015613093b976b4a974', 'caption': '4法师', 'configId': 144237, 'createdAt': 1721286677393, 'createdUser': 'nickjin', 'data': {'_object': 2740651, 'sort_icon': 'https://akmweb.youngjoygame.com/web/gms/image/1c6985dd0caec2028ccb6d1b8ca95e0f.png', 'sort_id': '4', 'sort_title': 'mage'}, 'dynamic': None, 'id': 2740663, 'linkId': [2740651], 'sort': 0, 'updatedAt': 1723023128824, 'updatedUser': 'nickjin'}, '']","[32, 54]","[89, 31]","[117, 0, 0]","1713515848286","66222d48554108f06353053b","1763042701290","{""bigrank"": ""8"", ""camp_type"": ""1"", ""main_heroid"": 15, ""match_type"": ""1"", ""win_rate"": [{""app_rate"": 0.007457, ""ban_rate"": 0.022345, ""date"": ""2025-11-12"", ""win_rate"": 0.501644}, {""app_rate"": 0.007413, ""ban_rate"": 0.021671, ""date"": ""2025-11-11"", ""win_rate"": 0.502157}, {""app_rate"": 0.007308, ""ban_rate"": 0.021043, ""date"": ""2025-11-10"", ""win_rate"": 0.502839}, {""app_rate"": 0.007195, ""ban_rate"": 0.020628, ""date"": ""2025-11-09"", ""win_rate"": 0.502766}, {""app_rate"": 0.007122, ""ban_rate"": 0.020231, ""date"": ""2025-11-08"", ""win_rate"": 0.502752}, {""app_rate"": 0.007056, ""ban_rate"": 0.019822, ""date"": ""2025-11-07"", ""win_rate"": 0.502166}, {""app_rate"": 0.006989, ""ban_rate"": 0.01941, ""date"": ""2025-11-06"", ""win_rate"": 0.501631}]}","2674709","2025-11-13"
"14","Rafaela","[{'_id': '66854202aa8e7f6ec4703d8f', 'caption': '辅助', 'configId': 144237, 'createdAt': 1720009218480, 'createdUser': 'nickjin', 'data': {'_object': 2732073, 'road_sort_icon': 'https://akmweb.youngjoygame.com/web/gms/image/a3dbb075b4d8186c29f02f7d47da236a.svg', 'road_sort_id': '3', 'road_sort_title': 'Roam'}, 'dynamic': None, 'id': 2732083, 'linkId': [2732073], 'sort': 0, 'updatedAt': 1723022949109, 'updatedUser': 'nickjin'}, '']","https://akmweb.youngjoygame.com/web/svnres/img/mlbb/homepage/100_f22e22659e8b1acfb665aec8eaffabd7.png","[{'_id': '6698c06a613093b976b4a97c', 'caption': '6辅助', 'configId': 144237, 'createdAt': 1721286762785, 'createdUser': 'nickjin', 'data': {'_object': 2740651, 'sort_icon': 'https://akmweb.youngjoygame.com/web/gms/image/1e4609b25a4cd63ee5a13015d4058159.png', 'sort_id': '6', 'sort_title': 'support'}, 'dynamic': None, 'id': 2740666, 'linkId': [2740651], 'sort': 0, 'updatedAt': 1723023113317, 'updatedUser': 'nickjin'}, '']","[22, 37]","[88, 99]","[84, 21]","1713515848286","66222d49554108f0635318c3","1763042701290","{""bigrank"": ""8"", ""camp_type"": ""1"", ""main_heroid"": 14, ""match_type"": ""1"", ""win_rate"": [{""app_rate"": 0.004829, ""ban_rate"": 0.06743, ""date"": ""2025-11-12"", ""win_rate"": 0.534913}, {""app_rate"": 0.004823, ""ban_rate"": 0.0669, ""date"": ""2025-11-11"", ""win_rate"": 0.535057}, {""app_rate"": 0.004987, ""ban_rate"": 0.069084, ""date"": ""2025-11-10"", ""win_rate"": 0.536544}, {""app_rate"": 0.00508, ""ban_rate"": 0.069388, ""date"": ""2025-11-09"", ""win_rate"": 0.536412}, {""app_rate"": 0.005101, ""ban_rate"": 0.068489, ""date"": ""2025-11-08"", ""win_rate"": 0.536643}, {""app_rate"": 0.005083, ""ban_rate"": 0.067327, ""date"": ""2025-11-07"", ""win_rate"": 0.536421}, {""app_rate"": 0.005048, ""ban_rate"": 0.066039, ""date"": ""2025-11-06"", ""win_rate"": 0.536371}]}","2674709","2025-11-13"
"13","Clint","[{'_id': '668541a2aa8e7f6ec4703d86', 'caption': '金币路', 'configId': 144237, 'createdAt': 1720009122589, 'createdUser': 'nickjin', 'data': {'_object': 2732073, 'road_sort_icon': 'https://akmweb.youngjoygame.com/web/gms/image/91f817c656908a83c2e24eecb3b70986.svg', 'road_sort_id': '5', 'road_sort_title': 'Gold Lane'}, 'dynamic': None, 'id': 2732079, 'linkId': [2732073], 'sort': 0, 'updatedAt': 1723022953428, 'updatedUser': 'nickjin'}, '']","https://akmweb.youngjoygame.com/web/svnres/img/mlbb/homepage/100_ffb96ce8d57c9987401f9c5bfebee3b2.png","[{'_id': '6698c04f613093b976b4a978', 'caption': '5射手', 'configId': 144237, 'createdAt': 1721286735503, 'createdUser': 'nickjin', 'data': {'_object': 2740651, 'sort_icon': 'https://akmweb.youngjoygame.com/web/gms/image/025c69a764924f4bac526a2662f1a0b9.png', 'sort_id': '5', 'sort_title': 'Marksman'}, 'dynamic': None, 'id': 2740665, 'linkId': [2740651], 'sort': 0, 'updatedAt': 1723023126452, 'updatedUser': 'nickjin'}, '']","[14, 55]","[31, 1]","[114, 40]","1713515848286","66222d49554108f063531a39","1763042701290","{""bigrank"": ""8"", ""camp_type"": ""1"", ""main_heroid"": 13, ""match_type"": ""1"", ""win_rate"": [{""app_rate"": 0.006985, ""ban_rate"": 0.003473, ""date"": ""2025-11-12"", ""win_rate"": 0.506182}, {""app_rate"": 0.00697, ""ban_rate"": 0.00338, ""date"": ""2025-11-11"", ""win_rate"": 0.505388}, {""app_rate"": 0.006926, ""ban_rate"": 0.003303, ""date"": ""2025-11-10"", ""win_rate"": 0.504673}, {""app_rate"": 0.006968, ""ban_rate"": 0.003298, ""date"": ""2025-11-09"", ""win_rate"": 0.504841}, {""app_rate"": 0.006867, ""ban_rate"": 0.003212, ""date"": ""2025-11-08"", ""win_rate"": 0.504629}, {""app_rate"": 0.006802, ""ban_rate"": 0.003139, ""date"": ""2025-11-07"", ""win_rate"": 0.50453}, {""app_rate"": 0.006779, ""ban_rate"": 0.003095, ""date"": ""2025-11-06"", ""win_rate"": 0.504456}]}","2674709","2025-11-13"
"12","Bruno","[{'_id': '668541a2aa8e7f6ec4703d86', 'caption': '金币路', 'configId': 144237, 'createdAt': 1720009122589, 'createdUser': 'nickjin', 'data': {'_object': 2732073, 'road_sort_icon': 'https://akmweb.youngjoygame.com/web/gms/image/91f817c656908a83c2e24eecb3b70986.svg', 'road_sort_id': '5', 'road_sort_title': 'Gold Lane'}, 'dynamic': None, 'id': 2732079, 'linkId': [2732073], 'sort': 0, 'updatedAt': 1723022953428, 'updatedUser': 'nickjin'}, '']","https://akmweb.youngjoygame.com/web/svnres/img/mlbb/homepage/100_68d7ca30f69cb691125e3f03cd782a53.png","[{'_id': '6698c04f613093b976b4a978', 'caption': '5射手', 'configId': 144237, 'createdAt': 1721286735503, 'createdUser': 'nickjin', 'data': {'_object': 2740651, 'sort_icon': 'https://akmweb.youngjoygame.com/web/gms/image/025c69a764924f4bac526a2662f1a0b9.png', 'sort_id': '5', 'sort_title': 'Marksman'}, 'dynamic': None, 'id': 2740665, 'linkId': [2740651], 'sort': 0, 'updatedAt': 1723023126452, 'updatedUser': 'nickjin'}, '']","[10, 78]","[60, 1]","[41, 117]","1713515848286","66222d49554108f06353189d","1763042701290","{""bigrank"": ""8"", ""camp_type"": ""1"", ""main_heroid"": 12, ""match_type"": ""1"", ""win_rate"": [{""app_rate"": 0.001972, ""ban_rate"": 0.000541, ""date"": ""2025-11-12"", ""win_rate"": 0.497184}, {""app_rate"": 0.001956, ""ban_rate"": 0.000551, ""date"": ""2025-11-11"", ""win_rate"": 0.498262}, {""app_rate"": 0.001921, ""ban_rate"": 0.000555, ""date"": ""2025-11-10"", ""win_rate"": 0.499217}, {""app_rate"": 0.001905, ""ban_rate"": 0.000551, ""date"": ""2025-11-09"", ""win_rate"": 0.499829}, {""app_rate"": 0.001933, ""ban_rate"": 0.00056, ""date"": ""2025-11-08"", ""win_rate"": 0.500337}, {""app_rate"": 0.001951, ""ban_rate"": 0.000562, ""date"": ""2025-11-07"", ""win_rate"": 0.500246}, {""app_rate"": 0.001964, ""ban_rate"": 0.000561, ""date"": ""2025-11-06"", ""win_rate"": 0.501073}]}","2674709","2025-11-13"
"11","Bane","[{'_id': '668541caaa8e7f6ec4703d8a', 'caption': '打野', 'configId': 144237, 'createdAt': 1720009162509, 'createdUser': 'nickjin', 'data': {'_object': 2732073, 'road_sort_icon': 'https://akmweb.youngjoygame.com/web/gms/image/de611167c7310681135f0b4198137bfa.svg', 'road_sort_id': '4', 'road_sort_title': 'Jungle'}, 'dynamic': None, 'id': 2732080, 'linkId': [2732073], 'sort': 0, 'updatedAt': 1723022951463, 'updatedUser': 'nickjin'}, {'_id': '6685424caa8e7f6ec4703d97', 'caption': '经验路', 'configId': 144237, 'createdAt': 1720009292257, 'createdUser': 'nickjin', 'data': {'_object': 2732073, 'road_sort_icon': 'https://akmweb.youngjoygame.com/web/gms/image/6a246099f7eb83a8856306d8b4c84fc2.svg', 'road_sort_id': '1', 'road_sort_title': 'Exp Lane'}, 'dynamic': None, 'id': 2732085, 'linkId': [2732073], 'sort': 0, 'updatedAt': 1723022932111, 'updatedUser': 'nickjin'}]","https://akmweb.youngjoygame.com/web/svnres/img/mlbb/homepage/100_846a816f7905f17c81cb35e7f3ff1c3e.png","[{'_id': '6698bfe8613093b976b4a96c', 'caption': '2战士', 'configId': 144237, 'createdAt': 1721286632237, 'createdUser': 'nickjin', 'data': {'_object': 2740651, 'sort_icon': 'https://akmweb.youngjoygame.com/web/gms/image/629e282165d4b63deceaf350426ea440.png', 'sort_id': '2', 'sort_title': 'fighter'}, 'dynamic': None, 'id': 2740659, 'linkId': [2740651], 'sort': 0, 'updatedAt': 1723023133206, 'updatedUser': 'nickjin'}, {'_id': '6698c015613093b976b4a974', 'caption': '4法师', 'configId': 144237, 'createdAt': 1721286677393, 'createdUser': 'nickjin', 'data': {'_object': 2740651, 'sort_icon': 'https://akmweb.youngjoygame.com/web/gms/image/1c6985dd0caec2028ccb6d1b8ca95e0f.png', 'sort_id': '4', 'sort_title': 'mage'}, 'dynamic': None, 'id': 2740663, 'linkId': [2740651], 'sort': 0, 'updatedAt': 1723023128824, 'updatedUser': 'nickjin'}]","[6, 96]","[49, 70]","[66, 115]","1713515848286","66222d49554108f063531bab","1763042701290","{""bigrank"": ""8"", ""camp_type"": ""1"", ""main_heroid"": 11, ""match_type"": ""1"", ""win_rate"": [{""app_rate"": 0.01558, ""ban_rate"": 0.193122, ""date"": ""2025-11-12"", ""win_rate"": 0.51182}, {""app_rate"": 0.015892, ""ban_rate"": 0.202181, ""date"": ""2025-11-11"", ""win_rate"": 0.510964}, {""app_rate"": 0.016204, ""ban_rate"": 0.211341, ""date"": ""2025-11-10"", ""win_rate"": 0.510686}, {""app_rate"": 0.016514, ""ban_rate"": 0.220088, ""date"": ""2025-11-09"", ""win_rate"": 0.510368}, {""app_rate"": 0.016571, ""ban_rate"": 0.230271, ""date"": ""2025-11-08"", ""win_rate"": 0.510182}, {""app_rate"": 0.016686, ""ban_rate"": 0.240389, ""date"": ""2025-11-07"", ""win_rate"": 0.510094}, {""app_rate"": 0.016922, ""ban_rate"": 0.251612, ""date"": ""2025-11-06"", ""win_rate"": 0.509868}]}","2674709","2025-11-13"
"10","Franco","[{'_id': '66854202aa8e7f6ec4703d8f', 'caption': '辅助', 'configId': 144237, 'createdAt': 1720009218480, 'createdUser': 'nickjin', 'data': {'_object': 2732073, 'road_sort_icon': 'https://akmweb.youngjoygame.com/web/gms/image/a3dbb075b4d8186c29f02f7d47da236a.svg', 'road_sort_id': '3', 'road_sort_title': 'Roam'}, 'dynamic': None, 'id': 2732083, 'linkId': [2732073], 'sort': 0, 'updatedAt': 1723022949109, 'updatedUser': 'nickjin'}, '']","https://akmweb.youngjoygame.com/web/svnres/img/mlbb/homepage/100_d9a0d6432cc0610a2232b2d2ed5e09ce.png","[{'_id': '6698bfbc613093b976b4a949', 'caption': '1坦克', 'configId': 144237, 'createdAt': 1721286588147, 'createdUser': 'nickjin', 'data': {'_object': 2740651, 'sort_icon': 'https://akmweb.youngjoygame.com/web/gms/image/60638c59536d9505c9c731af13f7fdfd.png', 'sort_id': '1', 'sort_title': 'tank'}, 'dynamic': None, 'id': 2740657, 'linkId': [2740651], 'sort': 0, 'updatedAt': 1723023135175, 'updatedUser': 'nickjin'}, '']","[66, 8, 100]","[66, 34, 18]","[89, 17, 77]","1713515848286","66222d48554108f063530451","1763042701290","{""bigrank"": ""8"", ""camp_type"": ""1"", ""main_heroid"": 10, ""match_type"": ""1"", ""win_rate"": [{""app_rate"": 0.018632, ""ban_rate"": 0.10199, ""date"": ""2025-11-12"", ""win_rate"": 0.47027}, {""app_rate"": 0.01871, ""ban_rate"": 0.101253, ""date"": ""2025-11-11"", ""win_rate"": 0.469994}, {""app_rate"": 0.018598, ""ban_rate"": 0.098637, ""date"": ""2025-11-10"", ""win_rate"": 0.470373}, {""app_rate"": 0.018466, ""ban_rate"": 0.097432, ""date"": ""2025-11-09"", ""win_rate"": 0.470752}, {""app_rate"": 0.018274, ""ban_rate"": 0.097063, ""date"": ""2025-11-08"", ""win_rate"": 0.471377}, {""app_rate"": 0.018162, ""ban_rate"": 0.096475, ""date"": ""2025-11-07"", ""win_rate"": 0.471576}, {""app_rate"": 0.018038, ""ban_rate"": 0.095902, ""date"": ""2025-11-06"", ""win_rate"": 0.471314}]}","2674709","2025-11-13"
"9","Akai","[{'_id': '66854202aa8e7f6ec4703d8f', 'caption': '辅助', 'configId': 144237, 'createdAt': 1720009218480, 'createdUser': 'nickjin', 'data': {'_object': 2732073, 'road_sort_icon': 'https://akmweb.youngjoygame.com/web/gms/image/a3dbb075b4d8186c29f02f7d47da236a.svg', 'road_sort_id': '3', 'road_sort_title': 'Roam'}, 'dynamic': None, 'id': 2732083, 'linkId': [2732073], 'sort': 0, 'updatedAt': 1723022949109, 'updatedUser': 'nickjin'}, '']","https://akmweb.youngjoygame.com/web/svnres/img/mlbb/homepage_2_1_18_2/100_809a19d0ffb6cd1b33d0f6d5715f8952.png","[{'_id': '6698bfbc613093b976b4a949', 'caption': '1坦克', 'configId': 144237, 'createdAt': 1721286588147, 'createdUser': 'nickjin', 'data': {'_object': 2740651, 'sort_icon': 'https://akmweb.youngjoygame.com/web/gms/image/60638c59536d9505c9c731af13f7fdfd.png', 'sort_id': '1', 'sort_title': 'tank'}, 'dynamic': None, 'id': 2740657, 'linkId': [2740651], 'sort': 0, 'updatedAt': 1723023135175, 'updatedUser': 'nickjin'}, '']","[3, 15, 0]","[15, 46, 0]","[5, 48, 0]","1713515848286","66222d49554108f063531b98","1763042701290","{""bigrank"": ""8"", ""camp_type"": ""1"", ""main_heroid"": 9, ""match_type"": ""1"", ""win_rate"": [{""app_rate"": 0.004413, ""ban_rate"": 0.008246, ""date"": ""2025-11-12"", ""win_rate"": 0.49485}, {""app_rate"": 0.00439, ""ban_rate"": 0.00816, ""date"": ""2025-11-11"", ""win_rate"": 0.49394}, {""app_rate"": 0.004344, ""ban_rate"": 0.008209, ""date"": ""2025-11-10"", ""win_rate"": 0.495223}, {""app_rate"": 0.004321, ""ban_rate"": 0.008222, ""date"": ""2025-11-09"", ""win_rate"": 0.494591}, {""app_rate"": 0.004372, ""ban_rate"": 0.008239, ""date"": ""2025-11-08"", ""win_rate"": 0.494414}, {""app_rate"": 0.004397, ""ban_rate"": 0.008174, ""date"": ""2025-11-07"", ""win_rate"": 0.494202}, {""app_rate"": 0.004431, ""ban_rate"": 0.008113, ""date"": ""2025-11-06"", ""win_rate"": 0.494135}]}","2674709","2025-11-13"
"8","Karina","[{'_id': '668541caaa8e7f6ec4703d8a', 'caption': '打野', 'configId': 144237, 'createdAt': 1720009162509, 'createdUser': 'nickjin', 'data': {'_object': 2732073, 'road_sort_icon': 'https://akmweb.youngjoygame.com/web/gms/image/de611167c7310681135f0b4198137bfa.svg', 'road_sort_id': '4', 'road_sort_title': 'Jungle'}, 'dynamic': None, 'id': 2732080, 'linkId': [2732073], 'sort': 0, 'updatedAt': 1723022951463, 'updatedUser': 'nickjin'}, '']","https://akmweb.youngjoygame.com/web/svnres/img/mlbb/homepage_2_1_18/100_4685e0fb17e2fabaf9cb23f8db8fa262.png","[{'_id': '6698bffd613093b976b4a970', 'caption': '3刺客', 'configId': 144237, 'createdAt': 1721286653803, 'createdUser': 'nickjin', 'data': {'_object': 2740651, 'sort_icon': 'https://akmweb.youngjoygame.com/web/gms/image/d0b8b65a47fc43dc7bb2bac447072fd2.png', 'sort_id': '3', 'sort_title': 'assassin'}, 'dynamic': None, 'id': 2740661, 'linkId': [2740651], 'sort': 0, 'updatedAt': 1723023131050, 'updatedUser': 'nickjin'}, '']","[6, 76, 0]","[18, 60, 0]","[9, 78, 0]","1713515848286","66222d48554108f063530407","1763042701290","{""bigrank"": ""8"", ""camp_type"": ""1"", ""main_heroid"": 8, ""match_type"": ""1"", ""win_rate"": [{""app_rate"": 0.005127, ""ban_rate"": 0.017412, ""date"": ""2025-11-12"", ""win_rate"": 0.465433}, {""app_rate"": 0.00507, ""ban_rate"": 0.017214, ""date"": ""2025-11-11"", ""win_rate"": 0.465338}, {""app_rate"": 0.005094, ""ban_rate"": 0.017688, ""date"": ""2025-11-10"", ""win_rate"": 0.465181}, {""app_rate"": 0.005061, ""ban_rate"": 0.01789, ""date"": ""2025-11-09"", ""win_rate"": 0.466001}, {""app_rate"": 0.005083, ""ban_rate"": 0.01786, ""date"": ""2025-11-08"", ""win_rate"": 0.466666}, {""app_rate"": 0.005072, ""ban_rate"": 0.017638, ""date"": ""2025-11-07"", ""win_rate"": 0.467478}, {""app_rate"": 0.005075, ""ban_rate"": 0.017373, ""date"": ""2025-11-06"", ""win_rate"": 0.467508}]}","2674709","2025-11-13"
"7","Alucard","[{'_id': '668541caaa8e7f6ec4703d8a', 'caption': '打野', 'configId': 144237, 'createdAt': 1720009162509, 'createdUser': 'nickjin', 'data': {'_object': 2732073, 'road_sort_icon': 'https://akmweb.youngjoygame.com/web/gms/image/de611167c7310681135f0b4198137bfa.svg', 'road_sort_id': '4', 'road_sort_title': 'Jungle'}, 'dynamic': None, 'id': 2732080, 'linkId': [2732073], 'sort': 0, 'updatedAt': 1723022951463, 'updatedUser': 'nickjin'}, '']","https://akmweb.youngjoygame.com/web/svnres/img/mlbb/homepage_2_1_18_2/100_df695a059c0f0a63fe922786098089cd.png","[{'_id': '6698bfe8613093b976b4a96c', 'caption': '2战士', 'configId': 144237, 'createdAt': 1721286632237, 'createdUser': 'nickjin', 'data': {'_object': 2740651, 'sort_icon': 'https://akmweb.youngjoygame.com/web/gms/image/629e282165d4b63deceaf350426ea440.png', 'sort_id': '2', 'sort_title': 'fighter'}, 'dynamic': None, 'id': 2740659, 'linkId': [2740651], 'sort': 0, 'updatedAt': 1723023133206, 'updatedUser': 'nickjin'}, {'_id': '6698bffd613093b976b4a970', 'caption': '3刺客', 'configId': 144237, 'createdAt': 1721286653803, 'createdUser': 'nickjin', 'data': {'_object': 2740651, 'sort_icon': 'https://akmweb.youngjoygame.com/web/gms/image/d0b8b65a47fc43dc7bb2bac447072fd2.png', 'sort_id': '3', 'sort_title': 'assassin'}, 'dynamic': None, 'id': 2740661, 'linkId': [2740651], 'sort': 0, 'updatedAt': 1723023131050, 'updatedUser': 'nickjin'}]","[41, 115, 0]","[42, 109, 0]","[10, 32, 0]","1713515848286","66222d49554108f06353184e","1763042701290","{""bigrank"": ""8"", ""camp_type"": ""1"", ""main_heroid"": 7, ""match_type"": ""1"", ""win_rate"": [{""app_rate"": 0.015167, ""ban_rate"": 0.16779, ""date"": ""2025-11-12"", ""win_rate"": 0.519967}, {""app_rate"": 0.01552, ""ban_rate"": 0.169658, ""date"": ""2025-11-11"", ""win_rate"": 0.52007}, {""app_rate"": 0.01622, ""ban_rate"": 0.172268, ""date"": ""2025-11-10"", ""win_rate"": 0.518913}, {""app_rate"": 0.016649, ""ban_rate"": 0.174218, ""date"": ""2025-11-09"", ""win_rate"": 0.518243}, {""app_rate"": 0.016734, ""ban_rate"": 0.175369, ""date"": ""2025-11-08"", ""win_rate"": 0.519201}, {""app_rate"": 0.01672, ""ban_rate"": 0.176154, ""date"": ""2025-11-07"", ""win_rate"": 0.52029}, {""app_rate"": 0.016369, ""ban_rate"": 0.177451, ""date"": ""2025-11-06"", ""win_rate"": 0.520864}]}","2674709","2025-11-13"
"6","Tigreal","[{'_id': '66854202aa8e7f6ec4703d8f', 'caption': '辅助', 'configId': 144237, 'createdAt': 1720009218480, 'createdUser': 'nickjin', 'data': {'_object': 2732073, 'road_sort_icon': 'https://akmweb.youngjoygame.com/web/gms/image/a3dbb075b4d8186c29f02f7d47da236a.svg', 'road_sort_id': '3', 'road_sort_title': 'Roam'}, 'dynamic': None, 'id': 2732083, 'linkId': [2732073], 'sort': 0, 'updatedAt': 1723022949109, 'updatedUser': 'nickjin'}, '']","https://akmweb.youngjoygame.com/web/svnres/img/mlbb/homepage/100_4e0005dbfb1376beaccc54ef7aa39375.png","[{'_id': '6698bfbc613093b976b4a949', 'caption': '1坦克', 'configId': 144237, 'createdAt': 1721286588147, 'createdUser': 'nickjin', 'data': {'_object': 2740651, 'sort_icon': 'https://akmweb.youngjoygame.com/web/gms/image/60638c59536d9505c9c731af13f7fdfd.png', 'sort_id': '1', 'sort_title': 'tank'}, 'dynamic': None, 'id': 2740657, 'linkId': [2740651], 'sort': 0, 'updatedAt': 1723023135175, 'updatedUser': 'nickjin'}, '']","[38, 46, 0]","[16, 22, 0]","[61, 50, 0]","1713515848286","66222d49554108f063531a66","1763042701290","{""bigrank"": ""8"", ""camp_type"": ""1"", ""main_heroid"": 6, ""match_type"": ""1"", ""win_rate"": [{""app_rate"": 0.015253, ""ban_rate"": 0.02695, ""date"": ""2025-11-12"", ""win_rate"": 0.449294}, {""app_rate"": 0.015175, ""ban_rate"": 0.026341, ""date"": ""2025-11-11"", ""win_rate"": 0.449094}, {""app_rate"": 0.015151, ""ban_rate"": 0.025811, ""date"": ""2025-11-10"", ""win_rate"": 0.448972}, {""app_rate"": 0.015039, ""ban_rate"": 0.025599, ""date"": ""2025-11-09"", ""win_rate"": 0.448576}, {""app_rate"": 0.015136, ""ban_rate"": 0.025396, ""date"": ""2025-11-08"", ""win_rate"": 0.448338}, {""app_rate"": 0.015163, ""ban_rate"": 0.025023, ""date"": ""2025-11-07"", ""win_rate"": 0.448328}, {""app_rate"": 0.015099, ""ban_rate"": 0.024701, ""date"": ""2025-11-06"", ""win_rate"": 0.447962}]}","2674709","2025-11-13"
"5","Nana","[{'_id': '66854225aa8e7f6ec4703d93', 'caption': '中路', 'configId': 144237, 'createdAt': 1720009253985, 'createdUser': 'nickjin', 'data': {'_object': 2732073, 'road_sort_icon': 'https://akmweb.youngjoygame.com/web/gms/image/facab1eacb218d767b5acb80304bfafd.svg', 'road_sort_id': '2', 'road_sort_title': 'Mid Lane'}, 'dynamic': None, 'id': 2732084, 'linkId': [2732073], 'sort': 0, 'updatedAt': 1723022943932, 'updatedUser': 'nickjin'}, '']","https://akmweb.youngjoygame.com/web/svnres/img/mlbb/homepage_2_1_18_2/100_ce58cae711d0907a722de0e65fbb85b7.png","[{'_id': '6698c015613093b976b4a974', 'caption': '4法师', 'configId': 144237, 'createdAt': 1721286677393, 'createdUser': 'nickjin', 'data': {'_object': 2740651, 'sort_icon': 'https://akmweb.youngjoygame.com/web/gms/image/1c6985dd0caec2028ccb6d1b8ca95e0f.png', 'sort_id': '4', 'sort_title': 'mage'}, 'dynamic': None, 'id': 2740663, 'linkId': [2740651], 'sort': 0, 'updatedAt': 1723023128824, 'updatedUser': 'nickjin'}, '']","[14, 10, 0]","[15, 75, 0]","[16, 24, 0]","1713515848286","66222d49554108f063531b24","1763042701290","{""bigrank"": ""8"", ""camp_type"": ""1"", ""main_heroid"": 5, ""match_type"": ""1"", ""win_rate"": [{""app_rate"": 0.011377, ""ban_rate"": 0.014687, ""date"": ""2025-11-12"", ""win_rate"": 0.468503}, {""app_rate"": 0.011304, ""ban_rate"": 0.014295, ""date"": ""2025-11-11"", ""win_rate"": 0.468661}, {""app_rate"": 0.011228, ""ban_rate"": 0.013903, ""date"": ""2025-11-10"", ""win_rate"": 0.468458}, {""app_rate"": 0.011136, ""ban_rate"": 0.013643, ""date"": ""2025-11-09"", ""win_rate"": 0.468358}, {""app_rate"": 0.010982, ""ban_rate"": 0.013343, ""date"": ""2025-11-08"", ""win_rate"": 0.468057}, {""app_rate"": 0.010837, ""ban_rate"": 0.013032, ""date"": ""2025-11-07"", ""win_rate"": 0.46751}, {""app_rate"": 0.010736, ""ban_rate"": 0.012814, ""date"": ""2025-11-06"", ""win_rate"": 0.466641}]}","2674709","2025-11-13"
"4","Alice","[{'_id': '6685424caa8e7f6ec4703d97', 'caption': '经验路', 'configId': 144237, 'createdAt': 1720009292257, 'createdUser': 'nickjin', 'data': {'_object': 2732073, 'road_sort_icon': 'https://akmweb.youngjoygame.com/web/gms/image/6a246099f7eb83a8856306d8b4c84fc2.svg', 'road_sort_id': '1', 'road_sort_title': 'Exp Lane'}, 'dynamic': None, 'id': 2732085, 'linkId': [2732073], 'sort': 0, 'updatedAt': 1723022932111, 'updatedUser': 'nickjin'}, {'_id': '668541caaa8e7f6ec4703d8a', 'caption': '打野', 'configId': 144237, 'createdAt': 1720009162509, 'createdUser': 'nickjin', 'data': {'_object': 2732073, 'road_sort_icon': 'https://akmweb.youngjoygame.com/web/gms/image/de611167c7310681135f0b4198137bfa.svg', 'road_sort_id': '4', 'road_sort_title': 'Jungle'}, 'dynamic': None, 'id': 2732080, 'linkId': [2732073], 'sort': 0, 'updatedAt': 1723022951463, 'updatedUser': 'nickjin'}]","https://akmweb.youngjoygame.com/web/svnres/img/mlbb/homepage_2_1_18/100_ec3d5c825e893947a235ea9ea59fff77.png","[{'_id': '6698bfbc613093b976b4a949', 'caption': '1坦克', 'configId': 144237, 'createdAt': 1721286588147, 'createdUser': 'nickjin', 'data': {'_object': 2740651, 'sort_icon': 'https://akmweb.youngjoygame.com/web/gms/image/60638c59536d9505c9c731af13f7fdfd.png', 'sort_id': '1', 'sort_title': 'tank'}, 'dynamic': None, 'id': 2740657, 'linkId': [2740651], 'sort': 0, 'updatedAt': 1723023135175, 'updatedUser': 'nickjin'}, {'_id': '6698c015613093b976b4a974', 'caption': '4法师', 'configId': 144237, 'createdAt': 1721286677393, 'createdUser': 'nickjin', 'data': {'_object': 2740651, 'sort_icon': 'https://akmweb.youngjoygame.com/web/gms/image/1c6985dd0caec2028ccb6d1b8ca95e0f.png', 'sort_id': '4', 'sort_title': 'mage'}, 'dynamic': None, 'id': 2740663, 'linkId': [2740651], 'sort': 0, 'updatedAt': 1723023128824, 'updatedUser': 'nickjin'}]","[2, 85, 0]","[91, 61, 0]","[87, 58, 0]","1713515848286","66222d49554108f0635318c5","1763042701290","{""bigrank"": ""8"", ""camp_type"": ""1"", ""main_heroid"": 4, ""match_type"": ""1"", ""win_rate"": [{""app_rate"": 0.00871, ""ban_rate"": 0.587085, ""date"": ""2025-11-12"", ""win_rate"": 0.517545}, {""app_rate"": 0.008766, ""ban_rate"": 0.588172, ""date"": ""2025-11-11"", ""win_rate"": 0.517035}, {""app_rate"": 0.008765, ""ban_rate"": 0.583385, ""date"": ""2025-11-10"", ""win_rate"": 0.516974}, {""app_rate"": 0.008759, ""ban_rate"": 0.57939, ""date"": ""2025-11-09"", ""win_rate"": 0.516548}, {""app_rate"": 0.008892, ""ban_rate"": 0.579007, ""date"": ""2025-11-08"", ""win_rate"": 0.515978}, {""app_rate"": 0.009028, ""ban_rate"": 0.578623, ""date"": ""2025-11-07"", ""win_rate"": 0.515737}, {""app_rate"": 0.00918, ""ban_rate"": 0.57689, ""date"": ""2025-11-06"", ""win_rate"": 0.51619}]}","2674709","2025-11-13"
"3","Saber","[{'_id': '668541caaa8e7f6ec4703d8a', 'caption': '打野', 'configId': 144237, 'createdAt': 1720009162509, 'createdUser': 'nickjin', 'data': {'_object': 2732073, 'road_sort_icon': 'https://akmweb.youngjoygame.com/web/gms/image/de611167c7310681135f0b4198137bfa.svg', 'road_sort_id': '4', 'road_sort_title': 'Jungle'}, 'dynamic': None, 'id': 2732080, 'linkId': [2732073], 'sort': 0, 'updatedAt': 1723022951463, 'updatedUser': 'nickjin'}, {'_id': '66854202aa8e7f6ec4703d8f', 'caption': '辅助', 'configId': 144237, 'createdAt': 1720009218480, 'createdUser': 'nickjin', 'data': {'_object': 2732073, 'road_sort_icon': 'https://akmweb.youngjoygame.com/web/gms/image/a3dbb075b4d8186c29f02f7d47da236a.svg', 'road_sort_id': '3', 'road_sort_title': 'Roam'}, 'dynamic': None, 'id': 2732083, 'linkId': [2732073], 'sort': 0, 'updatedAt': 1723022949109, 'updatedUser': 'nickjin'}]","https://akmweb.youngjoygame.com/web/svnres/img/mlbb/homepage_2_1_18_2/100_b5980d535886303ad116fba3463c76ce.png","[{'_id': '6698bffd613093b976b4a970', 'caption': '3刺客', 'configId': 144237, 'createdAt': 1721286653803, 'createdUser': 'nickjin', 'data': {'_object': 2740651, 'sort_icon': 'https://akmweb.youngjoygame.com/web/gms/image/d0b8b65a47fc43dc7bb2bac447072fd2.png', 'sort_id': '3', 'sort_title': 'assassin'}, 'dynamic': None, 'id': 2740661, 'linkId': [2740651], 'sort': 0, 'updatedAt': 1723023131050, 'updatedUser': 'nickjin'}, '']","[75, 33, 0]","[18, 15, 0]","[34, 76, 0]","1713515848286","66222d48554108f0635304db","1763042701290","{""bigrank"": ""8"", ""camp_type"": ""1"", ""main_heroid"": 3, ""match_type"": ""1"", ""win_rate"": [{""app_rate"": 0.007951, ""ban_rate"": 0.166815, ""date"": ""2025-11-12"", ""win_rate"": 0.524026}, {""app_rate"": 0.007839, ""ban_rate"": 0.163208, ""date"": ""2025-11-11"", ""win_rate"": 0.524064}, {""app_rate"": 0.007672, ""ban_rate"": 0.159377, ""date"": ""2025-11-10"", ""win_rate"": 0.523915}, {""app_rate"": 0.007534, ""ban_rate"": 0.156717, ""date"": ""2025-11-09"", ""win_rate"": 0.524326}, {""app_rate"": 0.007409, ""ban_rate"": 0.152501, ""date"": ""2025-11-08"", ""win_rate"": 0.524467}, {""app_rate"": 0.00732, ""ban_rate"": 0.148848, ""date"": ""2025-11-07"", ""win_rate"": 0.524492}, {""app_rate"": 0.007293, ""ban_rate"": 0.146095, ""date"": ""2025-11-06"", ""win_rate"": 0.523948}]}","2674709","2025-11-13"
"2","Balmond","[{'_id': '668541caaa8e7f6ec4703d8a', 'caption': '打野', 'configId': 144237, 'createdAt': 1720009162509, 'createdUser': 'nickjin', 'data': {'_object': 2732073, 'road_sort_icon': 'https://akmweb.youngjoygame.com/web/gms/image/de611167c7310681135f0b4198137bfa.svg', 'road_sort_id': '4', 'road_sort_title': 'Jungle'}, 'dynamic': None, 'id': 2732080, 'linkId': [2732073], 'sort': 0, 'updatedAt': 1723022951463, 'updatedUser': 'nickjin'}, {'_id': '6685424caa8e7f6ec4703d97', 'caption': '经验路', 'configId': 144237, 'createdAt': 1720009292257, 'createdUser': 'nickjin', 'data': {'_object': 2732073, 'road_sort_icon': 'https://akmweb.youngjoygame.com/web/gms/image/6a246099f7eb83a8856306d8b4c84fc2.svg', 'road_sort_id': '1', 'road_sort_title': 'Exp Lane'}, 'dynamic': None, 'id': 2732085, 'linkId': [2732073], 'sort': 0, 'updatedAt': 1723022932111, 'updatedUser': 'nickjin'}, '']","https://akmweb.youngjoygame.com/web/svnres/img/mlbb/homepage_2_1_18_2/100_6c018674ea709972b4837ec90518e79e.png","[{'_id': '6698bfe8613093b976b4a96c', 'caption': '2战士', 'configId': 144237, 'createdAt': 1721286632237, 'createdUser': 'nickjin', 'data': {'_object': 2740651, 'sort_icon': 'https://akmweb.youngjoygame.com/web/gms/image/629e282165d4b63deceaf350426ea440.png', 'sort_id': '2', 'sort_title': 'fighter'}, 'dynamic': None, 'id': 2740659, 'linkId': [2740651], 'sort': 0, 'updatedAt': 1723023133206, 'updatedUser': 'nickjin'}, '']","[55, 14, 0]","[18, 15, 0]","[53, 43, 0]","1713515848286","66222d48554108f063530681","1763042701290","{""bigrank"": ""8"", ""camp_type"": ""1"", ""main_heroid"": 2, ""match_type"": ""1"", ""win_rate"": [{""app_rate"": 0.009082, ""ban_rate"": 0.033833, ""date"": ""2025-11-12"", ""win_rate"": 0.454804}, {""app_rate"": 0.009283, ""ban_rate"": 0.036068, ""date"": ""2025-11-11"", ""win_rate"": 0.454649}, {""app_rate"": 0.009393, ""ban_rate"": 0.039129, ""date"": ""2025-11-10"", ""win_rate"": 0.453427}, {""app_rate"": 0.009554, ""ban_rate"": 0.042302, ""date"": ""2025-11-09"", ""win_rate"": 0.452209}, {""app_rate"": 0.009862, ""ban_rate"": 0.04658, ""date"": ""2025-11-08"", ""win_rate"": 0.451242}, {""app_rate"": 0.010223, ""ban_rate"": 0.051053, ""date"": ""2025-11-07"", ""win_rate"": 0.450597}, {""app_rate"": 0.010736, ""ban_rate"": 0.055081, ""date"": ""2025-11-06"", ""win_rate"": 0.449903}]}","2674709","2025-11-13"
"1","Miya","[{'_id': '668541a2aa8e7f6ec4703d86', 'caption': '金币路', 'configId': 144237, 'createdAt': 1720009122589, 'createdUser': 'nickjin', 'data': {'_object': 2732073, 'road_sort_icon': 'https://akmweb.youngjoygame.com/web/gms/image/91f817c656908a83c2e24eecb3b70986.svg', 'road_sort_id': '5', 'road_sort_title': 'Gold Lane'}, 'dynamic': None, 'id': 2732079, 'linkId': [2732073], 'sort': 0, 'updatedAt': 1723022953428, 'updatedUser': 'nickjin'}, '']","https://akmweb.youngjoygame.com/web/svnres/img/mlbb/homepage/100_32c0d9d3a727a9052754296af6251435.png","[{'_id': '6698c04f613093b976b4a978', 'caption': '5射手', 'configId': 144237, 'createdAt': 1721286735503, 'createdUser': 'nickjin', 'data': {'_object': 2740651, 'sort_icon': 'https://akmweb.youngjoygame.com/web/gms/image/025c69a764924f4bac526a2662f1a0b9.png', 'sort_id': '5', 'sort_title': 'Marksman'}, 'dynamic': None, 'id': 2740665, 'linkId': [2740651], 'sort': 0, 'updatedAt': 1723023126452, 'updatedUser': 'nickjin'}, '']","[6, 70, 0]","[3, 15, 27]","[52, 101, 0]","1713515848286","66222d48554108f0635305cb","1763042701290","{""bigrank"": ""8"", ""camp_type"": ""1"", ""main_heroid"": 1, ""match_type"": ""1"", ""win_rate"": [{""app_rate"": 0.01066, ""ban_rate"": 0.004607, ""date"": ""2025-11-12"", ""win_rate"": 0.503034}, {""app_rate"": 0.010468, ""ban_rate"": 0.004517, ""date"": ""2025-11-11"", ""win_rate"": 0.503628}, {""app_rate"": 0.010324, ""ban_rate"": 0.00443, ""date"": ""2025-11-10"", ""win_rate"": 0.502384}, {""app_rate"": 0.010109, ""ban_rate"": 0.004334, ""date"": ""2025-11-09"", ""win_rate"": 0.501957}, {""app_rate"": 0.010058, ""ban_rate"": 0.004323, ""date"": ""2025-11-08"", ""win_rate"": 0.501667}, {""app_rate"": 0.009977, ""ban_rate"": 0.004267, ""date"": ""2025-11-07"", ""win_rate"": 0.501502}, {""app_rate"": 0.00988, ""ban_rate"": 0.004232, ""date"": ""2025-11-06"", ""win_rate"": 0.50137}]}","2674709","2025-11-13"
